id,title                                 ,thumbnail_url                                   ,video_url                                  ,publication_date
1 ,「イルカも喋る」は大ウソ【言語学って何？】#1               ,https://i.ytimg.com/vi/2YY9DT4uDh0/sddefault.jpg,https://www.youtube.com/watch?v=2YY9DT4uDh0,2021-03-11
2 ,2km先では言語が違う国があるらしい…【言語がたくさんある理由】#2    ,https://i.ytimg.com/vi/-Zo_0_DZrvk/sddefault.jpg,https://www.youtube.com/watch?v=-Zo_0_DZrvk,2021-03-13
3 ,藤原不比等は「ぷぢぃぱらのぷぴちょ」だった #3              ,https://i.ytimg.com/vi/KItCvPD86pw/sddefault.jpg,https://www.youtube.com/watch?v=KItCvPD86pw,2021-03-15
4 ,悶・聞・関、部首が「門」なのはどれ？ #4                 ,https://i.ytimg.com/vi/v2vY-H1FAHM/sddefault.jpg,https://www.youtube.com/watch?v=v2vY-H1FAHM,2021-03-16
5 ,英語は荒野行動！？日本語に「時制の一致」が要らない理由 #5        ,https://i.ytimg.com/vi/UEc3nobDjMk/sddefault.jpg,https://www.youtube.com/watch?v=UEc3nobDjMk,2021-03-17
6 ,「高橋」は「神と繋がる仕事」を意味する名字 #6              ,https://i.ytimg.com/vi/1aNEoPA1YMk/sddefault.jpg,https://www.youtube.com/watch?v=1aNEoPA1YMk,2021-03-19
7 ,言語学者は娘に嫌われる？令和は「人知を越えたパワー」【雑談】 #7     ,https://i.ytimg.com/vi/lnl-nQOzvzM/sddefault.jpg,https://www.youtube.com/watch?v=lnl-nQOzvzM,2021-03-20
8 ,カタルシス英文法-「進行形にできない動詞」は進行形にできる #8      ,https://i.ytimg.com/vi/Sjd_l-vKZ84/sddefault.jpg,https://www.youtube.com/watch?v=Sjd_l-vKZ84,2021-03-21
9 ,過去形の本質はpastつまりpassed。これで全てが分かる #9     ,https://i.ytimg.com/vi/AgTDxlBwdV8/sddefault.jpg,https://www.youtube.com/watch?v=AgTDxlBwdV8,2021-03-22
10,「象は鼻が長い」の謎-日本語学者が100年戦う一大ミステリー #10    ,https://i.ytimg.com/vi/yzTqAU_kiKM/sddefault.jpg,https://www.youtube.com/watch?v=yzTqAU_kiKM,2021-03-23
11,「主語を抹殺せよ」魅惑の三上文法と言語学のロマン #11          ,https://i.ytimg.com/vi/EZKS5lBSOsw/sddefault.jpg,https://www.youtube.com/watch?v=EZKS5lBSOsw,2021-03-26
12,春とバネ、なぜ両方springなのか-多義語パズルへの招待 #12     ,https://i.ytimg.com/vi/xE91uqIpOMU/sddefault.jpg,https://www.youtube.com/watch?v=xE91uqIpOMU,2021-03-30
13,方言は日本語なの？「違う言語」とは？【雑談長尺回】#13          ,https://i.ytimg.com/vi/cn6gHVI7iq8/sddefault.jpg,https://www.youtube.com/watch?v=cn6gHVI7iq8,2021-04-06
14,「る・らる」はなぜ受身も可能も表せるの？本質は？ #14          ,https://i.ytimg.com/vi/SPSn--SkUws/sddefault.jpg,https://www.youtube.com/watch?v=SPSn--SkUws,2021-04-13
15,「料理も運動もできる山田」を「料理」と呼ぶ蛮行-後ろ省略多義語の世界 #15,https://i.ytimg.com/vi/3XMITicq3Bc/sddefault.jpg,https://www.youtube.com/watch?v=3XMITicq3Bc,2021-04-20
16,言語学の研究対象を定義した男【ソシュール知ったかぶり講座1】 #16    ,https://i.ytimg.com/vi/We43d7Giei8/sddefault.jpg,https://www.youtube.com/watch?v=We43d7Giei8,2021-04-23
17,ソシュールは言語学の"公理"を設定した【ソシュール知ったかぶり講座2】 #17,https://i.ytimg.com/vi/Xlvp9rfJ9co/sddefault.jpg,https://www.youtube.com/watch?v=Xlvp9rfJ9co,2021-04-27
18,名称目録的世界観を否定した男・赤ちゃんに戻りたくなる僕ら【ソシュール知ったかぶり講座3】 #18,https://i.ytimg.com/vi/_b_XtagwU8A/sddefault.jpg,https://www.youtube.com/watch?v=_b_XtagwU8A,2021-04-30
19,「友だちの情報量」というヤバいパラメータ。飲み物文化の行き着く先。【酔っぱらい雑談回】 #19,https://i.ytimg.com/vi/JDyFEb6NOVI/sddefault.jpg,https://www.youtube.com/watch?v=JDyFEb6NOVI,2021-05-04
20,辞書界を震撼させた「暮しの手帖事件」と、2人の編纂者のドラマ【辞書物語1】 #20,https://i.ytimg.com/vi/1-K5Is_PGBs/sddefault.jpg,https://www.youtube.com/watch?v=1-K5Is_PGBs,2021-05-11
21,単語の意味に命を懸けた2人が、単語の意味ですれ違う悲劇【辞書物語2】 #21,https://i.ytimg.com/vi/3lYvzeR7SCU/sddefault.jpg,https://www.youtube.com/watch?v=3lYvzeR7SCU,2021-05-14
22,「こざとへん」と「おおざと」は完全な別物。チンチャびっくり【雑談コメント返し】#22,https://i.ytimg.com/vi/ClAiVcoYHoU/sddefault.jpg,https://www.youtube.com/watch?v=ClAiVcoYHoU,2021-05-18
23,困ったオジサンはなぜcouldオジサンなのか？【カタルシス英文法_助動詞_前半】 #23,https://i.ytimg.com/vi/F52-xN7SfFg/sddefault.jpg,https://www.youtube.com/watch?v=F52-xN7SfFg,2021-05-21
24,shallの本質もmustの本質もなんかツラそう…【カタルシス英文法_助動詞_後半】#24,https://i.ytimg.com/vi/uHjDHSWbZuM/sddefault.jpg,https://www.youtube.com/watch?v=uHjDHSWbZuM,2021-05-25
25,標準語にするべき方言"おささる"の話と、アカデミズムに対する二次創作の話#25,https://i.ytimg.com/vi/9QWgnPhAh0s/sddefault.jpg,https://www.youtube.com/watch?v=9QWgnPhAh0s,2021-05-27
26,「ひよこ」と「うんこ」の共通点は？【語源辞典ぜんぶ読む】#26,https://i.ytimg.com/vi/4e3ff1WbSxQ/sddefault.jpg,https://www.youtube.com/watch?v=4e3ff1WbSxQ,2021-06-01
27,怪獣の名前はなぜガギグゲゴなのか？ソシュールVSソクラテス！【音象徴1】 #27,https://i.ytimg.com/vi/kqM4K--Vyi4/sddefault.jpg,https://www.youtube.com/watch?v=kqM4K--Vyi4,2021-06-04
28,「ビーフストロガノフ」を悪役っぽく感じる理由は？【音象徴2】 #28,https://i.ytimg.com/vi/sPH5qbBEiaM/sddefault.jpg,https://www.youtube.com/watch?v=sPH5qbBEiaM,2021-06-08
29,一生憶えられない名前-うんちくおじさんのニッチ苦悩【酔っぱらい雑談回】#29,https://i.ytimg.com/vi/AupRSh21Smg/sddefault.jpg,https://www.youtube.com/watch?v=AupRSh21Smg,2021-06-11
30,「常識の範ちゅう」という日本語は合ってるのか？ラップで感じるアリストテレス【長尺雑談回】#30,https://i.ytimg.com/vi/gxwy4c_Rgig/sddefault.jpg,https://www.youtube.com/watch?v=gxwy4c_Rgig,2021-06-15
31,オレたちのベスト方言グランプリ【チャンネル登録3万人記念ライブ配信】,https://i.ytimg.com/vi/WhzAvTSYXxk/sddefault.jpg?v=60ce95fc,https://www.youtube.com/watch?v=WhzAvTSYXxk,2021-06-19
32,仮定法のwereは『えんとつ町のプペル』的な存在【カタルシス英文法】#31,https://i.ytimg.com/vi/OGdECZ_nZnM/sddefault.jpg,https://www.youtube.com/watch?v=OGdECZ_nZnM,2021-06-22
33,wishは意識高い系飲み会の動詞【カタルシス英文法】#32,https://i.ytimg.com/vi/NSSls2NLMfs/sddefault.jpg,https://www.youtube.com/watch?v=NSSls2NLMfs,2021-06-25
34,虹にはオス・メスがあるし、昔はマラリアを注射してた【うんちくしりとりパンクラチオン】#33,https://i.ytimg.com/vi/bDVpBNIXXh4/sddefault.jpg,https://www.youtube.com/watch?v=bDVpBNIXXh4,2021-06-29
35,異世界転生ものみたいな言語学者の本『ピダハン』に震える【ピダハン前編】#34,https://i.ytimg.com/vi/eOjFarDoEWk/sddefault.jpg,https://www.youtube.com/watch?v=eOjFarDoEWk,2021-07-02
36,吉幾三的な言語と、その本質「イビピーオ」の幸福度がすごい【ピダハン後編】 #35,https://i.ytimg.com/vi/3M4e07gnEH4/sddefault.jpg,https://www.youtube.com/watch?v=3M4e07gnEH4,2021-07-06
37,『名誉の殺人』も『コンテナ物語』も「出落ち本」【ミーム提案委員会】 #36,https://i.ytimg.com/vi/s57oEdVH9T4/sddefault.jpg,https://www.youtube.com/watch?v=s57oEdVH9T4,2021-07-09
38,「鬼」と「改心した鬼」は数え方が違う【助数詞1】#37,https://i.ytimg.com/vi/dNNMueYZTms/sddefault.jpg,https://www.youtube.com/watch?v=dNNMueYZTms,2021-07-13
39,なぜ「仏の顔も3回まで」は間違いなのか？【助数詞2】#38,https://i.ytimg.com/vi/K5_ktUB62G0/sddefault.jpg,https://www.youtube.com/watch?v=K5_ktUB62G0,2021-07-16
40,「ラーメン2丁！」は、航空無線と同じ理論で説明できる【助数詞3】#39,https://i.ytimg.com/vi/NXpMF7qycDE/sddefault.jpg,https://www.youtube.com/watch?v=NXpMF7qycDE,2021-07-20
41,助数詞はゲルニカ。【助数詞4】#40,https://i.ytimg.com/vi/9J7kyciQI3E/sddefault.jpg,https://www.youtube.com/watch?v=9J7kyciQI3E,2021-07-23
42,助数詞シリーズは『宇宙兄弟』っぽいよね（自画自賛）【振り返り雑談回】#41,https://i.ytimg.com/vi/43bvI0smi7k/sddefault.jpg,https://www.youtube.com/watch?v=43bvI0smi7k,2021-07-27
43,「便」はなぜ「手紙」も「うんこ」も表すのか【雑談コメント返し】#42,https://i.ytimg.com/vi/kNIQXzBiTwA/sddefault.jpg,https://www.youtube.com/watch?v=kNIQXzBiTwA,2021-07-30
44,高校英語で習う「5文型」、実は超役に立つ【カタルシス英文法_文型1】#43,https://i.ytimg.com/vi/FeSir-QJmUs/sddefault.jpg,https://www.youtube.com/watch?v=FeSir-QJmUs,2021-08-03
45,ネイティブは存在しない動詞も理解できるらしい…【カタルシス英文法_文型2】#44,https://i.ytimg.com/vi/A1_ScH1NiCo/sddefault.jpg,https://www.youtube.com/watch?v=A1_ScH1NiCo,2021-08-06
46,会話にキモインテリ慣用句を放り込め！【何こいつキモナイト】#45,https://i.ytimg.com/vi/o9xAhJ2ZbRQ/sddefault.jpg,https://www.youtube.com/watch?v=o9xAhJ2ZbRQ,2021-08-10
47,人は生まれつき算数ができる？赤ちゃんビビらす実験とは【数の発明1】#46,https://i.ytimg.com/vi/jrNc7fmtTNE/sddefault.jpg,https://www.youtube.com/watch?v=jrNc7fmtTNE,2021-08-13
48,10進法が生まれた究極の原因は「石川啄木」【数の発明2】#47,https://i.ytimg.com/vi/Idn-gber9-A/sddefault.jpg,https://www.youtube.com/watch?v=Idn-gber9-A,2021-08-17
49,数と言葉はどちらも「身体ハック」から生まれた【数の発明3】#48,https://i.ytimg.com/vi/VNTx4A8C6qU/sddefault.jpg,https://www.youtube.com/watch?v=VNTx4A8C6qU,2021-08-20
50,「お前の母ちゃんデベソ」の起源は御成敗式目【書店コラボ告知】 #49,https://i.ytimg.com/vi/7sX8rPt2uYE/sddefault.jpg,https://www.youtube.com/watch?v=7sX8rPt2uYE,2021-08-24
51,世界初の大型辞書は、殺人犯のお陰で完成した【オックスフォード英語大辞典1】#50,https://i.ytimg.com/vi/e11Q7m-45Cc/sddefault.jpg,https://www.youtube.com/watch?v=e11Q7m-45Cc,2021-08-27
52,妄想で人を撃ち、自分のアレを切り落とした狂人の皮肉【オックスフォード英語大辞典2】#51,https://i.ytimg.com/vi/O9dMmofn7JU/sddefault.jpg,https://www.youtube.com/watch?v=O9dMmofn7JU,2021-08-31
53,オタク用語「しんどい」の精神は古文で既に登場してる【雑談回】#52,https://i.ytimg.com/vi/FLq-XlEvxak/sddefault.jpg,https://www.youtube.com/watch?v=FLq-XlEvxak,2021-09-03
54,人類が服を着始めた年代は、あの虫から分かる【うんちくエウレーカクイズ】 #53,https://i.ytimg.com/vi/LteliiwAFe4/sddefault.jpg,https://www.youtube.com/watch?v=LteliiwAFe4,2021-09-07
55,言語学の研究対象は、文字よりも音よりも○○【サピア1】#54,https://i.ytimg.com/vi/purzZplAHpI/sddefault.jpg,https://www.youtube.com/watch?v=purzZplAHpI,2021-09-10
56,言語の変化を説明する鍵は「ドリフト」【サピア2】#55,https://i.ytimg.com/vi/h6zyDXsuVh8/sddefault.jpg,https://www.youtube.com/watch?v=h6zyDXsuVh8,2021-09-14
57,「ら抜き言葉」で日本語は美しくなった【サピア3】 #56,https://i.ytimg.com/vi/HwuXR3KH0wI/sddefault.jpg,https://www.youtube.com/watch?v=HwuXR3KH0wI,2021-09-17
58,子音が17個連続する言語がある！？『言語』よもやま話【サピア4】#57,https://i.ytimg.com/vi/fFbumZyreQA/sddefault.jpg,https://www.youtube.com/watch?v=fFbumZyreQA,2021-09-20
59,江戸時代の米はビットコインに似ている【雑談回】 #58,https://i.ytimg.com/vi/T5cDcCKB19k/sddefault.jpg,https://www.youtube.com/watch?v=T5cDcCKB19k,2021-09-24
60,米国を恐怖に陥れた「サメの夏」をミーム化【雑談コメント返し】 #59,https://i.ytimg.com/vi/EtXBKIMqSUY/sddefault.jpg,https://www.youtube.com/watch?v=EtXBKIMqSUY,2021-09-28
61,「許してクレメンス」は超インテリギャグ【英米人名1】#60,https://i.ytimg.com/vi/bkZbSiwHBWc/sddefault.jpg,https://www.youtube.com/watch?v=bkZbSiwHBWc,2021-10-01
62,人類の多くはベンジャミン。生まれた瞬間〇〇を判断【英米人名２】#61,https://i.ytimg.com/vi/SbV9O7Gd4Sk/sddefault.jpg,https://www.youtube.com/watch?v=SbV9O7Gd4Sk,2021-10-05
63,隣の棚はアンパンマンでした【文教堂フェア行ってきた】#62,https://i.ytimg.com/vi/ugPrgVrR6ag/sddefault.jpg,https://www.youtube.com/watch?v=ugPrgVrR6ag,2021-10-08
64,脳にUSBを挿したらYouTube再生できる？【ゆるコンピュータ科学ラジオ1】#63,https://i.ytimg.com/vi/dkP8Uf7PveE/sddefault.jpg,https://www.youtube.com/watch?v=dkP8Uf7PveE,2021-10-12
65,プログラマーと辞書オタク、実質同じ【ゆるコンピュータ科学ラジオ2】#64,https://i.ytimg.com/vi/uDCTXGCk2Zk/sddefault.jpg,https://www.youtube.com/watch?v=uDCTXGCk2Zk,2021-10-15
66,プログラミング言語には思想が宿る。だから戦争が起きる。【ゆるコンピュータ科学ラジオ3】#65,https://i.ytimg.com/vi/qNHfKNjX8Us/sddefault.jpg,https://www.youtube.com/watch?v=qNHfKNjX8Us,2021-10-19
67,【徹底討論】プログラミング言語は言語なの？【ゆるコンピュータ科学ラジオ4】#66,https://i.ytimg.com/vi/ru1ZVmytMoo/sddefault.jpg,https://www.youtube.com/watch?v=ru1ZVmytMoo,2021-10-22
68,「ギガが減る」を許せない頑固おじさんの改心【今年の新語予想】#67,https://i.ytimg.com/vi/Fc8ugpF5_C8/sddefault.jpg,https://www.youtube.com/watch?v=Fc8ugpF5_C8,2021-10-25
69,1年間辞書を読み続けた人にしか分からないあるある【OEDおもしろ単語1】#68,https://i.ytimg.com/vi/b5-G9dzdLzI/sddefault.jpg,https://www.youtube.com/watch?v=b5-G9dzdLzI,2021-10-28
70,ジャルジャルのコントは1単語で表せる【OEDおもしろ単語2】#69,https://i.ytimg.com/vi/WffHr9ypGsw/sddefault.jpg,https://www.youtube.com/watch?v=WffHr9ypGsw,2021-10-29
71,説教おじさんスイッチが反応しちゃう英単語【OEDおもしろ単語3】#70,https://i.ytimg.com/vi/-d742iuB7L0/sddefault.jpg,https://www.youtube.com/watch?v=-d742iuB7L0,2021-11-02
72,意図せずメタ認知が暴走する悲しき怪物【ミーム提案委員会2】＃71,https://i.ytimg.com/vi/sj7eer2tArs/sddefault.jpg,https://www.youtube.com/watch?v=sj7eer2tArs,2021-11-05
73,与謝野晶子に学ぶ、最強の黒歴史の作り方【奴隷合宿】#72,https://i.ytimg.com/vi/CX-57sNSZeE/sddefault.jpg,https://www.youtube.com/watch?v=CX-57sNSZeE,2021-11-09
74,サポーターコミュニティ始めます【課金で伝説のボツ回が見れる】 #73,https://i.ytimg.com/vi/tu3kLecDqq4/sddefault.jpg,https://www.youtube.com/watch?v=tu3kLecDqq4,2021-11-13
75,明日から全く役に立たない第二言語習得論【第二言語習得論1】#74,https://i.ytimg.com/vi/o3Yy_pjpBO8/sddefault.jpg,https://www.youtube.com/watch?v=o3Yy_pjpBO8,2021-11-16
76,母語はどこまで人に影響を与えるのか？方向感覚は？【第二言語習得論2】#75,https://i.ytimg.com/vi/h2tt1bEU72g/sddefault.jpg,https://www.youtube.com/watch?v=h2tt1bEU72g,2021-11-19
77,「無意識の学習」を証明する実験とは？【第二言語習得論3】#76,https://i.ytimg.com/vi/4oKTEuDgO3s/sddefault.jpg,https://www.youtube.com/watch?v=4oKTEuDgO3s,2021-11-23
78,英語は衛星枠付け言語だった！？【第二言語習得論4】#77,https://i.ytimg.com/vi/SmH9EbH0x0c/sddefault.jpg,https://www.youtube.com/watch?v=SmH9EbH0x0c,2021-11-26
79,問題文の言語によって正答率が左右される。そんなことある？【第二言語習得論5】#78,https://i.ytimg.com/vi/0nmVZ6Up__k/sddefault.jpg,https://www.youtube.com/watch?v=0nmVZ6Up__k,2021-11-30
80,【忘年会ライブ告知】流行語大賞とか、サンプル1の出会いの話とか #79,https://i.ytimg.com/vi/2iwZmLJ5OnE/sddefault.jpg,https://www.youtube.com/watch?v=2iwZmLJ5OnE,2021-12-03
81,言語学者が手加減せずに喋るとこうなる【福田先生雑談回1】#80,https://i.ytimg.com/vi/sSvxP5cUASM/sddefault.jpg,https://www.youtube.com/watch?v=sSvxP5cUASM,2021-12-07
82,日常系萌えアニメに潜む言語学の仮説【福田先生雑談回2】#81,https://i.ytimg.com/vi/75HsFDb3HLI/sddefault.jpg,https://www.youtube.com/watch?v=75HsFDb3HLI,2021-12-10
83,【投票お願い】あなたの1票が我々の未来を変えます#82,https://i.ytimg.com/vi/f4grx-2ngzE/sddefault.jpg,https://www.youtube.com/watch?v=f4grx-2ngzE,2021-12-14
84,『満月の夜なら』は、語源辞典から作詞された歌【無限語源トーク1】#83,https://i.ytimg.com/vi/2UXylDl-HIY/sddefault.jpg,https://www.youtube.com/watch?v=2UXylDl-HIY,2021-12-17
85,アジに「アジ」の名はふさわしくない【無限語源トーク2】#84,https://i.ytimg.com/vi/4jcgyHsqBOs/sddefault.jpg,https://www.youtube.com/watch?v=4jcgyHsqBOs,2021-12-21
86,人は無知の量を誇るべき【雑談回】#85,https://i.ytimg.com/vi/Z0KLBPiRrOY/sddefault.jpg,https://www.youtube.com/watch?v=Z0KLBPiRrOY,2021-12-24
87,ゆる言語学ラジオ忘年会ライブ【流行語大賞決定&ひたすらエモい話】,https://i.ytimg.com/vi/poT4BzX7e_Q/sddefault.jpg?v=61c6ff43,https://www.youtube.com/watch?v=poT4BzX7e_Q,2021-12-28
88,新年だから今後の構想をデカく語る【飛躍の年はクリシェ】【新年雑談回】#86,https://i.ytimg.com/vi/hyHkEbZDWmo/sddefault.jpg,https://www.youtube.com/watch?v=hyHkEbZDWmo,2021-12-31
89,珍しい名字からは日本語の○○が分かる【うんちくエウレーカクイズ2】#87,https://i.ytimg.com/vi/e4fDwDNc11Q/sddefault.jpg,https://www.youtube.com/watch?v=e4fDwDNc11Q,2022-01-04
90,大嘘つきに使える悪口「神聖ローマ帝国じゃん」【インテリ悪口パビリオン】#88,https://i.ytimg.com/vi/wlQrQVzdoVA/sddefault.jpg,https://www.youtube.com/watch?v=wlQrQVzdoVA,2022-01-07
91,【再UP高画質版】た【た1】#89,https://i.ytimg.com/vi/iXlykljJ3kY/sddefault.jpg,https://www.youtube.com/watch?v=iXlykljJ3kY,2022-01-14
92,「た」には6種類あるし、○○も□□も表せる【た2】#90,https://i.ytimg.com/vi/P4FvgzaY2MA/sddefault.jpg,https://www.youtube.com/watch?v=P4FvgzaY2MA,2022-01-14
93,反省しているのは現在なのになぜ「た」を使うの？【た3】#91,https://i.ytimg.com/vi/I0iFsy-QShY/sddefault.jpg,https://www.youtube.com/watch?v=I0iFsy-QShY,2022-01-18
94,「た」のルーツは室町時代【た4】#92,https://i.ytimg.com/vi/RVw1F-ttOfI/sddefault.jpg,https://www.youtube.com/watch?v=RVw1F-ttOfI,2022-01-21
95,なぜ『11人いる！』は「11人いた！」ではダメなのか？【た5】#93,https://i.ytimg.com/vi/fPY_7jbiTx8/sddefault.jpg,https://www.youtube.com/watch?v=fPY_7jbiTx8,2022-01-25
96,「た」を巡る物語、最終話。【た6】#94,https://i.ytimg.com/vi/drXeWP6Smlc/sddefault.jpg,https://www.youtube.com/watch?v=drXeWP6Smlc,2022-01-28
97,疲れ「た」ので、何度も同じ話をする人々【雑談回】#95,https://i.ytimg.com/vi/TLFxYRB0uBI/sddefault.jpg,https://www.youtube.com/watch?v=TLFxYRB0uBI,2022-02-01
98,四字熟語バトルをしたり、リスナー名を○○に決めたり【おたより雑談回】#96,https://i.ytimg.com/vi/DOPj0ObyX-Y/sddefault.jpg,https://www.youtube.com/watch?v=DOPj0ObyX-Y,2022-02-04
99,ヤノマミ族は「〇〇学者」を悪口にしている【うんちくエウレーカクイズ3】#97,https://i.ytimg.com/vi/FSmLfHsVjSo/sddefault.jpg,https://www.youtube.com/watch?v=FSmLfHsVjSo,2022-02-08
100,奄美大島の方言「はげ」の意味とは？【ベスト方言グランプリ2】#98,https://i.ytimg.com/vi/O54r0v9sJig/sddefault.jpg,https://www.youtube.com/watch?v=O54r0v9sJig,2022-02-11
101,【ズボンのボタン引きちぎる】ヤバ言語偉人・三上章の一生【三上章1】#99,https://i.ytimg.com/vi/dqd4NLCQNIQ/sddefault.jpg,https://www.youtube.com/watch?v=dqd4NLCQNIQ,2022-02-15
102,57歳で博士号を取得して、日本語学界に多大な影響を与えた男【三上章2】#100,https://i.ytimg.com/vi/r_Su4Awa6Dk/sddefault.jpg,https://www.youtube.com/watch?v=r_Su4Awa6Dk,2022-02-18
103,お互いの奇書を自慢したら最高にキショかった【キショ奇書自慢選手権】#101,https://i.ytimg.com/vi/QW9v7Yneuq0/sddefault.jpg,https://www.youtube.com/watch?v=QW9v7Yneuq0,2022-02-22
104,【売り子もやるよ】Podcasterの物販イベントに出店決定！【Podcast Weekend参加告知】#102,https://i.ytimg.com/vi/q_MfYdFxgTc/sddefault.jpg,https://www.youtube.com/watch?v=q_MfYdFxgTc,2022-02-25
105,【10年後の受験生へ】ターゲット1900の全語源解説（7単語だけで1時間）【ターゲット1900①】#103,https://i.ytimg.com/vi/RERceQyeld0/sddefault.jpg,https://www.youtube.com/watch?v=RERceQyeld0,2022-03-01
106,公開収録をやったらイキリ発言を晒し合う戦いになった【公開収録】#104,https://i.ytimg.com/vi/2AxuPKW8aUw/sddefault.jpg,https://www.youtube.com/watch?v=2AxuPKW8aUw,2022-03-04
107,【チャンネル登録10万人突破】YouTuberクリシェ。【雜談回】#105,https://i.ytimg.com/vi/fFGSy60zKlw/sddefault.jpg,https://www.youtube.com/watch?v=fFGSy60zKlw,2022-03-08
108,初回動画を見返したらツッコミが止まらなかった【雑談回】#106,https://i.ytimg.com/vi/5fkT0qrDg_I/sddefault.jpg,https://www.youtube.com/watch?v=5fkT0qrDg_I,2022-03-11
109,赤ちゃんの言語習得が無理ゲーすぎる【赤ちゃんの言語習得】#107,https://i.ytimg.com/vi/AMIaheSRVew/sddefault.jpg,https://www.youtube.com/watch?v=AMIaheSRVew,2022-03-15
110,【祝賀会or残念会】Podcast AWARDS振り返りライブ【授賞式直後】,https://i.ytimg.com/vi/-JTQQbvbIns/sddefault.jpg?v=622deb51,https://www.youtube.com/watch?v=-JTQQbvbIns,2022-03-17
111,論理的に解けない難問「ガヴァガイ問題」を赤ちゃんは解く【赤ちゃんの言語習得2】#108,https://i.ytimg.com/vi/J7rAZ2tRoT0/sddefault.jpg,https://www.youtube.com/watch?v=J7rAZ2tRoT0,2022-03-18
112,赤ちゃんにおしゃぶりでDJをさせる実験がある【赤ちゃんの言語習得3】#109,https://i.ytimg.com/vi/aPnXMtrumzs/sddefault.jpg,https://www.youtube.com/watch?v=aPnXMtrumzs,2022-03-22
113,赤ちゃんは遷移確率を算出するエグい計算機【赤ちゃんの言語習得4】#110,https://i.ytimg.com/vi/Gz3sGPBXXXQ/sddefault.jpg,https://www.youtube.com/watch?v=Gz3sGPBXXXQ,2022-03-25
114,カタルシス赤ちゃん英文法「可算・不可算名詞」【赤ちゃんの言語習得5】#111,https://i.ytimg.com/vi/I0BSrrCxy_c/sddefault.jpg,https://www.youtube.com/watch?v=I0BSrrCxy_c,2022-03-29
115,徹底討論 赤ちゃんはクリエイティブ？【赤ちゃんと創作1】#112,https://i.ytimg.com/vi/1xO-Lfs02c8/sddefault.jpg,https://www.youtube.com/watch?v=1xO-Lfs02c8,2022-04-01
116,赤ちゃんと詩人を見分けるクイズをやったら難しすぎたww【赤ちゃんと創作2】#113,https://i.ytimg.com/vi/zeGChbd9RA0/sddefault.jpg,https://www.youtube.com/watch?v=zeGChbd9RA0,2022-04-05
117,【名前はまだ早い】赤ちゃんには「人間」と名乗るべき【赤ちゃんまとめ】#114,https://i.ytimg.com/vi/iNAC58puA6w/sddefault.jpg,https://www.youtube.com/watch?v=iNAC58puA6w,2022-04-08
118,うんちくをウミガメのスープに料理してみた【うんちくエウレーカウミガメのスープ】#115,https://i.ytimg.com/vi/9kFL26oCKVs/sddefault.jpg,https://www.youtube.com/watch?v=9kFL26oCKVs,2022-04-12
119,ビジネス書を読むとハゲるし、蕁麻疹も出る【ビジネス書100冊雑談】#116,https://i.ytimg.com/vi/jmqSARvW6Eg/sddefault.jpg,https://www.youtube.com/watch?v=jmqSARvW6Eg,2022-04-15
120,『響け！ ユーフォニアム』は現代版『罪と罰』【深読みおじさんフェスティバル】#117,https://i.ytimg.com/vi/f9SbRBWkynU/sddefault.jpg,https://www.youtube.com/watch?v=f9SbRBWkynU,2022-04-19
121,乾坤一擲サン・ジョルディの日【本を贈る祝祭】【雑談回】#118,https://i.ytimg.com/vi/Ok2SmWEx_Uk/sddefault.jpg,https://www.youtube.com/watch?v=Ok2SmWEx_Uk,2022-04-22
122,「知は、現場にある（光文社新書）」は神コピー【ターゲット1900】#119,https://i.ytimg.com/vi/AL_XHN39DOk/sddefault.jpg,https://www.youtube.com/watch?v=AL_XHN39DOk,2022-04-26
123,【ゲーム実況①】フィールド言語学者の気持ちが分かるゲーム【7days to end with you】#120,https://i.ytimg.com/vi/vrBzSXN4MYI/sddefault.jpg,https://www.youtube.com/watch?v=vrBzSXN4MYI,2022-04-29
124,答えより下ネタを言いたくなるクイズ【うんちくエウレーカクイズ4】#121,https://i.ytimg.com/vi/GOlmrYFZQ4c/sddefault.jpg,https://www.youtube.com/watch?v=GOlmrYFZQ4c,2022-05-03
125,「ゆる言語学ラジオ大好き芸人」イベント出ます【告知回】#122,https://i.ytimg.com/vi/9UC6fpYL7mw/sddefault.jpg,https://www.youtube.com/watch?v=9UC6fpYL7mw,2022-05-06
126,原形不定詞とto不定詞は、八ツ橋と生八ツ橋【カタルシス英文法_準動詞1】#123,https://i.ytimg.com/vi/4nx71ckg8Eg/sddefault.jpg,https://www.youtube.com/watch?v=4nx71ckg8Eg,2022-05-10
127,混ぜてはいけないものを混ぜて生まれた現在進行形【カタルシス英文法_準動詞2】#124,https://i.ytimg.com/vi/5_m-4ue3erM/sddefault.jpg,https://www.youtube.com/watch?v=5_m-4ue3erM,2022-05-13
128,英語史は明太マヨ【カタルシス英文法_準動詞3】#125,https://i.ytimg.com/vi/TR_5gN2IOhA/sddefault.jpg,https://www.youtube.com/watch?v=TR_5gN2IOhA,2022-05-17
129,強烈なファンアート（石像）が来た【おたより雑談回】#126,https://i.ytimg.com/vi/VdVT4zYSH24/sddefault.jpg,https://www.youtube.com/watch?v=VdVT4zYSH24,2022-05-20
130,Dr.STONEは科学マンガではない。本質は文系。【雑談回】#127,https://i.ytimg.com/vi/8hURqVX7sXo/sddefault.jpg,https://www.youtube.com/watch?v=8hURqVX7sXo,2022-05-23
131,直観を裏切る語源クイズをやったら、語源不信になった【無限語源トーク】#128,https://i.ytimg.com/vi/Q5LF9bzYt_0/sddefault.jpg,https://www.youtube.com/watch?v=Q5LF9bzYt_0,2022-05-27
132,【世界最古の宿】情報量の多い旅館で奴隷合宿トーク【雑談回】#129,https://i.ytimg.com/vi/Drl5HMryYLM/sddefault.jpg,https://www.youtube.com/watch?v=Drl5HMryYLM,2022-05-31
133,官能小説辞典を読んだら、官能小説みたいな声が出た【官能小説の表現】#130,https://i.ytimg.com/vi/8FEphvanuHo/sddefault.jpg,https://www.youtube.com/watch?v=8FEphvanuHo,2022-06-03
134,新番組パーソナリティ募集&新チャンネル誕生のお知らせ【ゆる学徒ハウス】#131,https://i.ytimg.com/vi/oQHeErn4R3g/sddefault.jpg,https://www.youtube.com/watch?v=oQHeErn4R3g,2022-06-07
135,ストラディバリウスが作れたのは〇〇が弱くなったから【うんちくエウレーカクイズ 音楽編】#132,https://i.ytimg.com/vi/OsN8H6u3Vs4/sddefault.jpg,https://www.youtube.com/watch?v=OsN8H6u3Vs4,2022-06-10
136,赤ちゃん相手の実験は、まず眠らせないところから【赤ちゃんと動詞1】#133,https://i.ytimg.com/vi/n70ldRw4n0E/sddefault.jpg,https://www.youtube.com/watch?v=n70ldRw4n0E,2022-06-14
137,「足で投げる」をバカにしてると、赤ちゃんに叱られる【赤ちゃんと動詞2】#134,https://i.ytimg.com/vi/3r74Mup30xI/sddefault.jpg,https://www.youtube.com/watch?v=3r74Mup30xI,2022-06-17
138,独裁者になって赤ちゃんのために言語を作りたい！【赤ちゃんと形容詞】#135,https://i.ytimg.com/vi/GNLazvO8AVQ/sddefault.jpg,https://www.youtube.com/watch?v=GNLazvO8AVQ,2022-06-21
139,2歳半の73%は存在しない擬態語を理解できる【赤ちゃんとオノマトペ】#136,https://i.ytimg.com/vi/Q03h9vopd4s/sddefault.jpg,https://www.youtube.com/watch?v=Q03h9vopd4s,2022-06-24
140,専門家の話を聞いたら日本語習得を諦めたくなった【今井先生ゲスト回1】#137,https://i.ytimg.com/vi/NinaUFNul8E/sddefault.jpg,https://www.youtube.com/watch?v=NinaUFNul8E,2022-06-28
141,”1”の多義性がヤバすぎて子どもがかわいそう【今井先生ゲスト回2】#138,https://i.ytimg.com/vi/Jp2MfGQZ7F0/sddefault.jpg,https://www.youtube.com/watch?v=Jp2MfGQZ7F0,2022-07-01
142,ゆる言語学ラジオグッズで部屋が埋まり、クレカが止まった【通販開始告知】#139,https://i.ytimg.com/vi/GGU77yprZhA/sddefault.jpg,https://www.youtube.com/watch?v=GGU77yprZhA,2022-07-05
143,赤ちゃんの素敵な間違いを集めよう 【赤ちゃんミステイクアワード】#140,https://i.ytimg.com/vi/PGHCk87Zh54/sddefault.jpg,https://www.youtube.com/watch?v=PGHCk87Zh54,2022-07-08
144,メタモン座談会をやったら、戦々恐々と喋る空間が生まれた【公開収録2】#141,https://i.ytimg.com/vi/2A8uNtJFEi8/sddefault.jpg,https://www.youtube.com/watch?v=2A8uNtJFEi8,2022-07-12
145,語源から考えると、Tシャツはアパレルじゃないかも【ターゲット1900_3】#142,https://i.ytimg.com/vi/bV058jE8RVw/sddefault.jpg,https://www.youtube.com/watch?v=bV058jE8RVw,2022-07-15
146,難解な本で大混乱する人を眺めよう！【生成文法チャレンジ】 #143,https://i.ytimg.com/vi/OAhG061_1Nc/sddefault.jpg,https://www.youtube.com/watch?v=OAhG061_1Nc,2022-07-19
147,戦車を「タンク」と呼ぶ理由は？軽井沢は何が軽いの？【うんちくエウレーカクイズ_語源編】#144,https://i.ytimg.com/vi/hc5EuJ4A4t4/sddefault.jpg,https://www.youtube.com/watch?v=hc5EuJ4A4t4,2022-07-22
148,一生読まない本を手放そう！積み本精霊流し【雑談回】#146,https://i.ytimg.com/vi/7XDjwpMc5Wg/sddefault.jpg,https://www.youtube.com/watch?v=7XDjwpMc5Wg,2022-07-29
149,言語学とコンピュータ科学の共通点は、赤ちゃん。【赤ちゃんの言語以外】#147,https://i.ytimg.com/vi/gPeqJGMSB2A/sddefault.jpg,https://www.youtube.com/watch?v=gPeqJGMSB2A,2022-08-02
150,慶應SFCでゲスト講義してきた【出張ゆる言語学ラジオ】#148,https://i.ytimg.com/vi/nh6Ru3TQMzo/sddefault.jpg,https://www.youtube.com/watch?v=nh6Ru3TQMzo,2022-08-05
151,「学び」研究の第一人者の言葉が重すぎる【今井先生雑談回】#149,https://i.ytimg.com/vi/6AO_a9H5gTY/sddefault.jpg,https://www.youtube.com/watch?v=6AO_a9H5gTY,2022-08-09
152,子どもの言い間違い「つめたまる」が素晴らしすぎる【赤ちゃんミステイクアワード2 with今井先生】#150,https://i.ytimg.com/vi/ivG_fbmuV5M/sddefault.jpg,https://www.youtube.com/watch?v=ivG_fbmuV5M,2022-08-12
153,「新年おめでとう」のカードで市長が逮捕された理由は？【うんちくエウレーカクイズ ことば編】 #151,https://i.ytimg.com/vi/in8p_9XIi24/sddefault.jpg,https://www.youtube.com/watch?v=in8p_9XIi24,2022-08-16
154,【ゲーム実況②】未知の言語の辞書を作るゲーム【7days to end with you】#152,https://i.ytimg.com/vi/XerPfJTGL2Y/sddefault.jpg,https://www.youtube.com/watch?v=XerPfJTGL2Y,2022-08-19
155,スカートもシャツも原義は「短いもの」【ターゲット1900④】#153,https://i.ytimg.com/vi/1nTQkqhZQgI/sddefault.jpg,https://www.youtube.com/watch?v=1nTQkqhZQgI,2022-08-23
156,高校でうんちくクイズしたら高校生たちが強すぎた【出張ゆる言語学ラジオ】#154,https://i.ytimg.com/vi/aeKlmqPBXdY/sddefault.jpg,https://www.youtube.com/watch?v=aeKlmqPBXdY,2022-08-26
157,40人と40時間ラジオを録り続けたら起きたこと【ゆる学徒ハウス】 #155,https://i.ytimg.com/vi/5HUPJcw-YXA/sddefault.jpg,https://www.youtube.com/watch?v=5HUPJcw-YXA,2022-08-30
158,会話にキモインテリ慣用句を放り込んだら確変タイムに入った【何こいつキモナイト2】#156,https://i.ytimg.com/vi/jGPa2_Rdbys/sddefault.jpg,https://www.youtube.com/watch?v=jGPa2_Rdbys,2022-09-02
159,謎のことわざを無限に紹介する回【エビサンドに乗って滑る】【ことわざ1】#157,https://i.ytimg.com/vi/8tQNnCnumKM/sddefault.jpg,https://www.youtube.com/watch?v=8tQNnCnumKM,2022-09-06
160,中国の謎ことわざを合体させて遊ぶ【唇亡びて歯亡びても舌存す】【ことわざ2】#158,https://i.ytimg.com/vi/m2u6qWGOWQo/sddefault.jpg,https://www.youtube.com/watch?v=m2u6qWGOWQo,2022-09-09
161,盛りすぎたデンマークのことわざ【ペリカンを半分に吹き飛ばしている】【ことわざ3】#159,https://i.ytimg.com/vi/0I8SC5N5ddA/sddefault.jpg,https://www.youtube.com/watch?v=0I8SC5N5ddA,2022-09-13
162,ことわざは世界中に見ることができる「小さな言語芸術」【ことわざ4】#160,https://i.ytimg.com/vi/k5RHoWWjk-s/sddefault.jpg,https://www.youtube.com/watch?v=k5RHoWWjk-s,2022-09-16
163,【大忘年会】700人規模の大会場でリアルイベントやるよ！【告知】#161,https://i.ytimg.com/vi/OQMHvSyeBUA/sddefault.jpg,https://www.youtube.com/watch?v=OQMHvSyeBUA,2022-09-20
164,動物の名前で争ったおもしろ判例「たぬき・むじな事件」【公開収録3】#162,https://i.ytimg.com/vi/itCYrUONG5w/sddefault.jpg,https://www.youtube.com/watch?v=itCYrUONG5w,2022-09-23
165,【ゲーム実況③】単語の解読が困難すぎて苦悩するゲーム【7days to end with you】#163,https://i.ytimg.com/vi/RTO89LjFUKw/sddefault.jpg,https://www.youtube.com/watch?v=RTO89LjFUKw,2022-09-27
166,リアリティショーを制作したら赤字が100万円出た話【ゆる学徒ハウス撮影秘話】#164,https://i.ytimg.com/vi/3iPLkxD__X4/sddefault.jpg,https://www.youtube.com/watch?v=3iPLkxD__X4,2022-09-30
167,「！」はなぜエクスクラメーションマークと呼ばれるのか？【ターゲット1900⑤】#165,https://i.ytimg.com/vi/hU54sOIJFQ8/sddefault.jpg,https://www.youtube.com/watch?v=hU54sOIJFQ8,2022-10-04
168,宇宙人のしわざと言われた現象、今では〇〇に役立ってます【うんちくエウレーカクイズ_医療編】#166,https://i.ytimg.com/vi/a3gc-UMMzZY/sddefault.jpg,https://www.youtube.com/watch?v=a3gc-UMMzZY,2022-10-07
169,すべての言語の共通点とは？【生成文法1】#167,https://i.ytimg.com/vi/E49cMz_QwO8/sddefault.jpg,https://www.youtube.com/watch?v=E49cMz_QwO8,2022-10-11
170,神になったら、人間に何をインストールすべき？【生成文法2】#168,https://i.ytimg.com/vi/_xvgxuvfcts/sddefault.jpg,https://www.youtube.com/watch?v=_xvgxuvfcts,2022-10-14
171,チョムスキーが提唱した「ふたまたニョキニョキ理論」【生成文法3】#169,https://i.ytimg.com/vi/CYxGKxBZApE/sddefault.jpg,https://www.youtube.com/watch?v=CYxGKxBZApE,2022-10-18
172,言語とはブロッコリーである【生成文法4】#170,https://i.ytimg.com/vi/5Y-nTXVT9hk/sddefault.jpg,https://www.youtube.com/watch?v=5Y-nTXVT9hk,2022-10-21
173,学んだ理由はロックバンド。言語学者のパンクな人生。【嶋村先生雑談回】#171,https://i.ytimg.com/vi/OK-a6R0wa0o/sddefault.jpg,https://www.youtube.com/watch?v=OK-a6R0wa0o,2022-10-25
