      ,Type    ,Id            ,Token
161   ,morpheme,75#00:07:31#0 ,学習した規則があって
2763  ,morpheme,128#00:07:11#0,学習用の文法書の中には
8516  ,morpheme,117#00:06:47#0,学習効率がね
38522 ,morpheme,79#00:45:06#0 ,学習なりでしかもなんかそうやって 考えいろんな研究見ていくと
41830 ,morpheme,87#02:03:38#0 ,学習してるんですよ
49188 ,morpheme,88#00:07:15#0 ,学習指導料で
71759 ,morpheme,81#00:13:29#0 ,学習でも習得がしやすかったって いうことを今言ってたんですよ
86155 ,morpheme,137#00:29:04#0,学習データの偏りが生んでしまった悲しい現象なんですよ。
86172 ,morpheme,137#00:30:19#0,学習データに対して最適化される出力を生み出すのが人工知能なんだけど、
92475 ,morpheme,139#00:34:50#0,学習していきましょう僕らも
92538 ,morpheme,139#00:36:56#0,学習したので
97078 ,morpheme,59#00:03:39#0 ,学習学学学学学学
97080 ,morpheme,59#00:03:43#0 ,学習学学学学学
97081 ,morpheme,59#00:03:45#0 ,学習学学学学学
97082 ,morpheme,59#00:03:47#0 ,学習学学学学
97083 ,morpheme,59#00:03:49#0 ,学習学学学学
97084 ,morpheme,59#00:03:51#0 ,学習学学学学
97085 ,morpheme,59#00:03:53#0 ,学習学学学
97086 ,morpheme,59#00:03:55#0 ,学習学学
97087 ,morpheme,59#00:03:57#0 ,学習学学
97088 ,morpheme,59#00:03:59#0 ,学習学学
97089 ,morpheme,59#00:04:01#0 ,学習学学
97090 ,morpheme,59#00:04:03#0 ,学習学
97091 ,morpheme,59#00:04:05#0 ,学習学
97092 ,morpheme,59#00:04:07#0 ,学習学
97093 ,morpheme,59#00:04:09#0 ,学習学
97094 ,morpheme,59#00:04:11#0 ,学習学
97095 ,morpheme,59#00:04:13#0 ,学習学
97096 ,morpheme,59#00:04:15#0 ,学習学
97097 ,morpheme,59#00:04:17#0 ,学習学
97098 ,morpheme,59#00:04:19#0 ,学習学
97099 ,morpheme,59#00:04:21#0 ,学習学
97100 ,morpheme,59#00:04:23#0 ,学習学
97101 ,morpheme,59#00:04:25#0 ,学習学
97102 ,morpheme,59#00:04:27#0 ,学習学
97103 ,morpheme,59#00:04:29#0 ,学習学
97104 ,morpheme,59#00:04:31#0 ,学習学
97105 ,morpheme,59#00:04:33#0 ,学習学
97106 ,morpheme,59#00:04:35#0 ,学習学
97107 ,morpheme,59#00:04:37#0 ,学習学
97108 ,morpheme,59#00:04:39#0 ,学習学
97109 ,morpheme,59#00:04:41#0 ,学習学
97110 ,morpheme,59#00:04:43#0 ,学習学
97111 ,morpheme,59#00:04:45#0 ,学習学
97112 ,morpheme,59#00:04:47#0 ,学習学
97113 ,morpheme,59#00:04:49#0 ,学習学
97114 ,morpheme,59#00:04:51#0 ,学習学
97115 ,morpheme,59#00:04:53#0 ,学習学
97116 ,morpheme,59#00:04:55#0 ,学習学
97117 ,morpheme,59#00:04:57#0 ,学習学
97118 ,morpheme,59#00:04:59#0 ,学習
97119 ,morpheme,59#00:05:01#0 ,学習
97120 ,morpheme,59#00:05:03#0 ,学習
97121 ,morpheme,59#00:05:05#0 ,学習
97122 ,morpheme,59#00:05:07#0 ,学習
97123 ,morpheme,59#00:05:09#0 ,学習
97124 ,morpheme,59#00:05:11#0 ,学習
97125 ,morpheme,59#00:05:13#0 ,学習
97126 ,morpheme,59#00:05:15#0 ,学習
97127 ,morpheme,59#00:05:17#0 ,学習
97128 ,morpheme,59#00:05:19#0 ,学習
97129 ,morpheme,59#00:05:21#0 ,学習
97130 ,morpheme,59#00:05:23#0 ,学習
97131 ,morpheme,59#00:05:25#0 ,学習
97132 ,morpheme,59#00:05:27#0 ,学習
97133 ,morpheme,59#00:05:29#0 ,学習
97134 ,morpheme,59#00:05:31#0 ,学習
97135 ,morpheme,59#00:05:33#0 ,学習
97136 ,morpheme,59#00:05:35#0 ,学習
97137 ,morpheme,59#00:05:37#0 ,学習
97138 ,morpheme,59#00:05:39#0 ,学習
97139 ,morpheme,59#00:05:41#0 ,学習
97140 ,morpheme,59#00:05:43#0 ,学習
97141 ,morpheme,59#00:05:45#0 ,学習
97142 ,morpheme,59#00:05:47#0 ,学習
97143 ,morpheme,59#00:05:49#0 ,学習
97144 ,morpheme,59#00:05:51#0 ,学習
97145 ,morpheme,59#00:05:53#0 ,学習
97146 ,morpheme,59#00:05:55#0 ,学習
97147 ,morpheme,59#00:05:57#0 ,学習
97148 ,morpheme,59#00:05:59#0 ,学習
97149 ,morpheme,59#00:06:01#0 ,学習
97150 ,morpheme,59#00:06:03#0 ,学習
97151 ,morpheme,59#00:06:05#0 ,学習
97152 ,morpheme,59#00:06:07#0 ,学習
97153 ,morpheme,59#00:06:09#0 ,学習
97154 ,morpheme,59#00:06:11#0 ,学習
97155 ,morpheme,59#00:06:13#0 ,学習
97156 ,morpheme,59#00:06:15#0 ,学習
97157 ,morpheme,59#00:06:17#0 ,学習
97158 ,morpheme,59#00:06:19#0 ,学習
97159 ,morpheme,59#00:06:21#0 ,学習
97160 ,morpheme,59#00:06:23#0 ,学習
97161 ,morpheme,59#00:06:25#0 ,学習
97162 ,morpheme,59#00:06:27#0 ,学習
97163 ,morpheme,59#00:06:29#0 ,学習
97164 ,morpheme,59#00:06:31#0 ,学習
97165 ,morpheme,59#00:06:33#0 ,学習
97166 ,morpheme,59#00:06:35#0 ,学習
97167 ,morpheme,59#00:06:37#0 ,学習
97168 ,morpheme,59#00:06:39#0 ,学習
97169 ,morpheme,59#00:06:41#0 ,学習
97170 ,morpheme,59#00:06:43#0 ,学習
97171 ,morpheme,59#00:06:45#0 ,学習
97172 ,morpheme,59#00:06:47#0 ,学習
97173 ,morpheme,59#00:06:49#0 ,学習
97174 ,morpheme,59#00:06:51#0 ,学習
97175 ,morpheme,59#00:06:53#0 ,学習
97176 ,morpheme,59#00:06:55#0 ,学習
97177 ,morpheme,59#00:06:57#0 ,学習
97178 ,morpheme,59#00:06:59#0 ,学習
97179 ,morpheme,59#00:07:01#0 ,学習
97180 ,morpheme,59#00:07:03#0 ,学習
97181 ,morpheme,59#00:07:05#0 ,学習
97182 ,morpheme,59#00:07:07#0 ,学習
97183 ,morpheme,59#00:07:09#0 ,学習
97184 ,morpheme,59#00:07:11#0 ,学習
97185 ,morpheme,59#00:07:13#0 ,学習
97186 ,morpheme,59#00:07:15#0 ,学習
97187 ,morpheme,59#00:07:17#0 ,学習
97188 ,morpheme,59#00:07:19#0 ,学習
97189 ,morpheme,59#00:07:21#0 ,学習
97190 ,morpheme,59#00:07:23#0 ,学習
97191 ,morpheme,59#00:07:25#0 ,学習
97192 ,morpheme,59#00:07:27#0 ,学習
97193 ,morpheme,59#00:07:29#0 ,学習
97194 ,morpheme,59#00:07:31#0 ,学習
97195 ,morpheme,59#00:07:33#0 ,学習
97196 ,morpheme,59#00:07:35#0 ,学習
97197 ,morpheme,59#00:07:37#0 ,学習
97198 ,morpheme,59#00:07:39#0 ,学習
97199 ,morpheme,59#00:07:41#0 ,学習
97200 ,morpheme,59#00:07:43#0 ,学習
97201 ,morpheme,59#00:07:45#0 ,学習
97202 ,morpheme,59#00:07:47#0 ,学習
97203 ,morpheme,59#00:07:49#0 ,学習
97204 ,morpheme,59#00:07:51#0 ,学習
97205 ,morpheme,59#00:07:53#0 ,学習
97206 ,morpheme,59#00:07:55#0 ,学習
97207 ,morpheme,59#00:07:57#0 ,学習
97208 ,morpheme,59#00:07:59#0 ,学習
97209 ,morpheme,59#00:08:01#0 ,学習
97210 ,morpheme,59#00:08:03#0 ,学習
97211 ,morpheme,59#00:08:05#0 ,学習
97212 ,morpheme,59#00:08:07#0 ,学習
97213 ,morpheme,59#00:08:09#0 ,学習
97214 ,morpheme,59#00:08:11#0 ,学習
97215 ,morpheme,59#00:08:13#0 ,学習
97216 ,morpheme,59#00:08:15#0 ,学習
97217 ,morpheme,59#00:08:17#0 ,学習
97218 ,morpheme,59#00:08:19#0 ,学習
97219 ,morpheme,59#00:08:21#0 ,学習
97220 ,morpheme,59#00:08:23#0 ,学習
97221 ,morpheme,59#00:08:25#0 ,学習
97222 ,morpheme,59#00:08:27#0 ,学習
97223 ,morpheme,59#00:08:29#0 ,学習
97224 ,morpheme,59#00:08:31#0 ,学習
97225 ,morpheme,59#00:08:33#0 ,学習
97226 ,morpheme,59#00:08:35#0 ,学習
97227 ,morpheme,59#00:08:37#0 ,学習
97228 ,morpheme,59#00:08:39#0 ,学習
97229 ,morpheme,59#00:08:41#0 ,学習
97230 ,morpheme,59#00:08:43#0 ,学習
97231 ,morpheme,59#00:08:45#0 ,学習
97232 ,morpheme,59#00:08:47#0 ,学習
97233 ,morpheme,59#00:08:49#0 ,学習
97234 ,morpheme,59#00:08:51#0 ,学習
97235 ,morpheme,59#00:08:53#0 ,学習
97236 ,morpheme,59#00:08:55#0 ,学習
97237 ,morpheme,59#00:08:57#0 ,学習
97238 ,morpheme,59#00:08:59#0 ,学習
97239 ,morpheme,59#00:09:01#0 ,学習
97240 ,morpheme,59#00:09:03#0 ,学習
97241 ,morpheme,59#00:09:05#0 ,学習
97242 ,morpheme,59#00:09:07#0 ,学習
97243 ,morpheme,59#00:09:09#0 ,学習
97244 ,morpheme,59#00:09:11#0 ,学習
97245 ,morpheme,59#00:09:13#0 ,学習
97246 ,morpheme,59#00:09:15#0 ,学習
97247 ,morpheme,59#00:09:17#0 ,学習
97248 ,morpheme,59#00:09:19#0 ,学習
97249 ,morpheme,59#00:09:21#0 ,学習
97250 ,morpheme,59#00:09:23#0 ,学習
97251 ,morpheme,59#00:09:25#0 ,学習
97252 ,morpheme,59#00:09:27#0 ,学習
97253 ,morpheme,59#00:09:29#0 ,学習
97254 ,morpheme,59#00:09:31#0 ,学習
97255 ,morpheme,59#00:09:33#0 ,学習
97256 ,morpheme,59#00:09:35#0 ,学習
97257 ,morpheme,59#00:09:37#0 ,学習
97258 ,morpheme,59#00:09:39#0 ,学習
97259 ,morpheme,59#00:09:41#0 ,学習
97260 ,morpheme,59#00:09:43#0 ,学習
97261 ,morpheme,59#00:09:45#0 ,学習
97262 ,morpheme,59#00:09:47#0 ,学習
97263 ,morpheme,59#00:09:49#0 ,学習
97264 ,morpheme,59#00:09:51#0 ,学習
97265 ,morpheme,59#00:09:53#0 ,学習
97266 ,morpheme,59#00:09:55#0 ,学習
97267 ,morpheme,59#00:09:57#0 ,学習
97268 ,morpheme,59#00:09:59#0 ,学習
97269 ,morpheme,59#00:10:01#0 ,学習
97270 ,morpheme,59#00:10:03#0 ,学習
97271 ,morpheme,59#00:10:05#0 ,学習
97272 ,morpheme,59#00:10:07#0 ,学習
97273 ,morpheme,59#00:10:09#0 ,学習
97274 ,morpheme,59#00:10:11#0 ,学習
97275 ,morpheme,59#00:10:13#0 ,学習
97276 ,morpheme,59#00:10:15#0 ,学習
97277 ,morpheme,59#00:10:17#0 ,学習
97278 ,morpheme,59#00:10:19#0 ,学習
97279 ,morpheme,59#00:10:21#0 ,学習
97280 ,morpheme,59#00:10:23#0 ,学習
97281 ,morpheme,59#00:10:25#0 ,学習
97282 ,morpheme,59#00:10:27#0 ,学習
97283 ,morpheme,59#00:10:29#0 ,学習
97284 ,morpheme,59#00:10:31#0 ,学習
97285 ,morpheme,59#00:10:33#0 ,学習
97286 ,morpheme,59#00:10:35#0 ,学習
97287 ,morpheme,59#00:10:37#0 ,学習
97288 ,morpheme,59#00:10:39#0 ,学習
97289 ,morpheme,59#00:10:41#0 ,学習
97290 ,morpheme,59#00:10:43#0 ,学習
97291 ,morpheme,59#00:10:45#0 ,学習
97292 ,morpheme,59#00:10:47#0 ,学習
97293 ,morpheme,59#00:10:49#0 ,学習
97294 ,morpheme,59#00:10:51#0 ,学習
97295 ,morpheme,59#00:10:53#0 ,学習
97296 ,morpheme,59#00:10:55#0 ,学習
97297 ,morpheme,59#00:10:57#0 ,学習
97298 ,morpheme,59#00:10:59#0 ,学習
97299 ,morpheme,59#00:11:01#0 ,学習
97300 ,morpheme,59#00:11:03#0 ,学習
97301 ,morpheme,59#00:11:05#0 ,学習
97302 ,morpheme,59#00:11:07#0 ,学習
97303 ,morpheme,59#00:11:09#0 ,学習
97304 ,morpheme,59#00:11:11#0 ,学習
97305 ,morpheme,59#00:11:13#0 ,学習
97306 ,morpheme,59#00:11:15#0 ,学習
97307 ,morpheme,59#00:11:17#0 ,学習
97308 ,morpheme,59#00:11:19#0 ,学習
97309 ,morpheme,59#00:11:21#0 ,学習
97310 ,morpheme,59#00:11:23#0 ,学習
97311 ,morpheme,59#00:11:25#0 ,学習
97312 ,morpheme,59#00:11:27#0 ,学習
97313 ,morpheme,59#00:11:29#0 ,学習
97314 ,morpheme,59#00:11:31#0 ,学習
97315 ,morpheme,59#00:11:33#0 ,学習
97316 ,morpheme,59#00:11:35#0 ,学習
97317 ,morpheme,59#00:11:37#0 ,学習
97318 ,morpheme,59#00:11:39#0 ,学習
97319 ,morpheme,59#00:11:41#0 ,学習
97320 ,morpheme,59#00:11:43#0 ,学習
97321 ,morpheme,59#00:11:45#0 ,学習
97322 ,morpheme,59#00:11:47#0 ,学習
97323 ,morpheme,59#00:11:49#0 ,学習
97324 ,morpheme,59#00:11:51#0 ,学習
97325 ,morpheme,59#00:11:53#0 ,学習
97326 ,morpheme,59#00:11:55#0 ,学習
97327 ,morpheme,59#00:11:57#0 ,学習
97328 ,morpheme,59#00:11:59#0 ,学習
97329 ,morpheme,59#00:12:01#0 ,学習
97330 ,morpheme,59#00:12:03#0 ,学習
97331 ,morpheme,59#00:12:05#0 ,学習
97332 ,morpheme,59#00:12:07#0 ,学習
97333 ,morpheme,59#00:12:09#0 ,学習
97334 ,morpheme,59#00:12:11#0 ,学習
97335 ,morpheme,59#00:12:13#0 ,学習
97336 ,morpheme,59#00:12:15#0 ,学習
97337 ,morpheme,59#00:12:17#0 ,学習
97338 ,morpheme,59#00:12:19#0 ,学習
97339 ,morpheme,59#00:12:21#0 ,学習
97340 ,morpheme,59#00:12:23#0 ,学習
97341 ,morpheme,59#00:12:25#0 ,学習
97342 ,morpheme,59#00:12:27#0 ,学習
97343 ,morpheme,59#00:12:29#0 ,学習
97344 ,morpheme,59#00:12:31#0 ,学習
97345 ,morpheme,59#00:12:33#0 ,学習
97346 ,morpheme,59#00:12:35#0 ,学習
97347 ,morpheme,59#00:12:37#0 ,学習
97348 ,morpheme,59#00:12:39#0 ,学習
97349 ,morpheme,59#00:12:41#0 ,学習
97350 ,morpheme,59#00:12:43#0 ,学習
97351 ,morpheme,59#00:12:45#0 ,学習
97352 ,morpheme,59#00:12:47#0 ,学習
97353 ,morpheme,59#00:12:49#0 ,学習
97354 ,morpheme,59#00:12:51#0 ,学習
97355 ,morpheme,59#00:12:53#0 ,学習
97356 ,morpheme,59#00:12:55#0 ,学習
97357 ,morpheme,59#00:12:57#0 ,学習
97358 ,morpheme,59#00:12:59#0 ,学習
97359 ,morpheme,59#00:13:01#0 ,学習
97360 ,morpheme,59#00:13:03#0 ,学習
97361 ,morpheme,59#00:13:05#0 ,学習
97362 ,morpheme,59#00:13:07#0 ,学習
97363 ,morpheme,59#00:13:09#0 ,学習
97364 ,morpheme,59#00:13:11#0 ,学習
97365 ,morpheme,59#00:13:13#0 ,学習
97366 ,morpheme,59#00:13:15#0 ,学習
97367 ,morpheme,59#00:13:17#0 ,学習
97368 ,morpheme,59#00:13:19#0 ,学習
97369 ,morpheme,59#00:13:21#0 ,学習
97370 ,morpheme,59#00:13:23#0 ,学習
97371 ,morpheme,59#00:13:25#0 ,学習
97372 ,morpheme,59#00:13:27#0 ,学習
97373 ,morpheme,59#00:13:29#0 ,学習
97374 ,morpheme,59#00:13:31#0 ,学習
97375 ,morpheme,59#00:13:33#0 ,学習
97376 ,morpheme,59#00:13:35#0 ,学習
97377 ,morpheme,59#00:13:37#0 ,学習
97378 ,morpheme,59#00:13:39#0 ,学習
97379 ,morpheme,59#00:13:41#0 ,学習
97380 ,morpheme,59#00:13:43#0 ,学習
97381 ,morpheme,59#00:13:45#0 ,学習
97382 ,morpheme,59#00:13:47#0 ,学習
97383 ,morpheme,59#00:13:49#0 ,学習
97384 ,morpheme,59#00:13:51#0 ,学習
97385 ,morpheme,59#00:13:53#0 ,学習
97386 ,morpheme,59#00:13:55#0 ,学習
97387 ,morpheme,59#00:13:57#0 ,学習
97388 ,morpheme,59#00:13:59#0 ,学習
97389 ,morpheme,59#00:14:01#0 ,学習
97390 ,morpheme,59#00:14:03#0 ,学習
97391 ,morpheme,59#00:14:05#0 ,学習
97392 ,morpheme,59#00:14:07#0 ,学習
97393 ,morpheme,59#00:14:09#0 ,学習
97394 ,morpheme,59#00:14:11#0 ,学習
97395 ,morpheme,59#00:14:13#0 ,学習
97396 ,morpheme,59#00:14:15#0 ,学習
97397 ,morpheme,59#00:14:17#0 ,学習
97398 ,morpheme,59#00:14:19#0 ,学習
97399 ,morpheme,59#00:14:21#0 ,学習
97400 ,morpheme,59#00:14:23#0 ,学習
97401 ,morpheme,59#00:14:25#0 ,学習
97402 ,morpheme,59#00:14:27#0 ,学習
97403 ,morpheme,59#00:14:29#0 ,学習
97404 ,morpheme,59#00:14:31#0 ,学習
97405 ,morpheme,59#00:14:33#0 ,学習
97406 ,morpheme,59#00:14:35#0 ,学習
97407 ,morpheme,59#00:14:37#0 ,学習
97408 ,morpheme,59#00:14:39#0 ,学習
97409 ,morpheme,59#00:14:41#0 ,学習
97410 ,morpheme,59#00:14:43#0 ,学習
97411 ,morpheme,59#00:14:45#0 ,学習
97412 ,morpheme,59#00:14:47#0 ,学習
97413 ,morpheme,59#00:14:49#0 ,学習
97414 ,morpheme,59#00:14:51#0 ,学習
97415 ,morpheme,59#00:14:53#0 ,学習
97416 ,morpheme,59#00:14:55#0 ,学習
97417 ,morpheme,59#00:14:57#0 ,学習
97418 ,morpheme,59#00:14:59#0 ,学習
97419 ,morpheme,59#00:15:01#0 ,学習
97420 ,morpheme,59#00:15:03#0 ,学習
97421 ,morpheme,59#00:15:05#0 ,学習
97422 ,morpheme,59#00:15:07#0 ,学習
97423 ,morpheme,59#00:15:09#0 ,学習
97424 ,morpheme,59#00:15:11#0 ,学習
97425 ,morpheme,59#00:15:13#0 ,学習
97426 ,morpheme,59#00:15:15#0 ,学習
97427 ,morpheme,59#00:15:17#0 ,学習
97428 ,morpheme,59#00:15:19#0 ,学習
97429 ,morpheme,59#00:15:21#0 ,学習
97430 ,morpheme,59#00:15:23#0 ,学習
97431 ,morpheme,59#00:15:25#0 ,学習
97432 ,morpheme,59#00:15:27#0 ,学習
97433 ,morpheme,59#00:15:29#0 ,学習
97434 ,morpheme,59#00:15:31#0 ,学習
97435 ,morpheme,59#00:15:33#0 ,学習
97436 ,morpheme,59#00:15:35#0 ,学習
97437 ,morpheme,59#00:15:37#0 ,学習
97438 ,morpheme,59#00:15:39#0 ,学習
97439 ,morpheme,59#00:15:41#0 ,学習
97440 ,morpheme,59#00:15:43#0 ,学習
97441 ,morpheme,59#00:15:45#0 ,学習
97442 ,morpheme,59#00:15:47#0 ,学習
97443 ,morpheme,59#00:15:49#0 ,学習
97444 ,morpheme,59#00:15:51#0 ,学習
97445 ,morpheme,59#00:15:53#0 ,学習
97446 ,morpheme,59#00:15:55#0 ,学習
97447 ,morpheme,59#00:15:57#0 ,学習
97448 ,morpheme,59#00:15:59#0 ,学習
97449 ,morpheme,59#00:16:01#0 ,学習
97450 ,morpheme,59#00:16:03#0 ,学習
97451 ,morpheme,59#00:16:05#0 ,学習
97452 ,morpheme,59#00:16:07#0 ,学習
97453 ,morpheme,59#00:16:09#0 ,学習
97454 ,morpheme,59#00:16:11#0 ,学習
97455 ,morpheme,59#00:16:13#0 ,学習
97456 ,morpheme,59#00:16:15#0 ,学習
97457 ,morpheme,59#00:16:17#0 ,学習
97458 ,morpheme,59#00:16:19#0 ,学習
97459 ,morpheme,59#00:16:21#0 ,学習
97460 ,morpheme,59#00:16:23#0 ,学習
97461 ,morpheme,59#00:16:25#0 ,学習
97462 ,morpheme,59#00:16:27#0 ,学習
97463 ,morpheme,59#00:16:29#0 ,学習
97464 ,morpheme,59#00:16:31#0 ,学習
97465 ,morpheme,59#00:16:33#0 ,学習
97466 ,morpheme,59#00:16:35#0 ,学習
97467 ,morpheme,59#00:16:37#0 ,学習
97468 ,morpheme,59#00:16:39#0 ,学習
97469 ,morpheme,59#00:16:41#0 ,学習
97470 ,morpheme,59#00:16:43#0 ,学習
97471 ,morpheme,59#00:16:45#0 ,学習
97472 ,morpheme,59#00:16:47#0 ,学習
97473 ,morpheme,59#00:16:49#0 ,学習
97474 ,morpheme,59#00:16:51#0 ,学習
97475 ,morpheme,59#00:16:53#0 ,学習
97476 ,morpheme,59#00:16:55#0 ,学習
97477 ,morpheme,59#00:16:57#0 ,学習
97478 ,morpheme,59#00:16:59#0 ,学習
97479 ,morpheme,59#00:17:01#0 ,学習
97480 ,morpheme,59#00:17:03#0 ,学習
97481 ,morpheme,59#00:17:05#0 ,学習
97482 ,morpheme,59#00:17:07#0 ,学習
97483 ,morpheme,59#00:17:09#0 ,学習
97484 ,morpheme,59#00:17:11#0 ,学習
97485 ,morpheme,59#00:17:13#0 ,学習
97486 ,morpheme,59#00:17:15#0 ,学習
97487 ,morpheme,59#00:17:17#0 ,学習
97488 ,morpheme,59#00:17:19#0 ,学習
97489 ,morpheme,59#00:17:21#0 ,学習
97490 ,morpheme,59#00:17:23#0 ,学習
97491 ,morpheme,59#00:17:25#0 ,学習
97492 ,morpheme,59#00:17:27#0 ,学習
97493 ,morpheme,59#00:17:29#0 ,学習
97494 ,morpheme,59#00:17:31#0 ,学習
97495 ,morpheme,59#00:17:33#0 ,学習
97496 ,morpheme,59#00:17:35#0 ,学習
97497 ,morpheme,59#00:17:37#0 ,学習
97498 ,morpheme,59#00:17:39#0 ,学習
97499 ,morpheme,59#00:17:41#0 ,学習
97500 ,morpheme,59#00:17:43#0 ,学習
97501 ,morpheme,59#00:17:45#0 ,学習
97502 ,morpheme,59#00:17:47#0 ,学習
97503 ,morpheme,59#00:17:49#0 ,学習
97504 ,morpheme,59#00:17:51#0 ,学習
97505 ,morpheme,59#00:17:53#0 ,学習
97506 ,morpheme,59#00:17:55#0 ,学習
97507 ,morpheme,59#00:17:57#0 ,学習
97508 ,morpheme,59#00:17:59#0 ,学習
97509 ,morpheme,59#00:18:01#0 ,学習
97510 ,morpheme,59#00:18:03#0 ,学習
97511 ,morpheme,59#00:18:05#0 ,学習
97512 ,morpheme,59#00:18:07#0 ,学習
97513 ,morpheme,59#00:18:09#0 ,学習
97514 ,morpheme,59#00:18:11#0 ,学習
97515 ,morpheme,59#00:18:13#0 ,学習
97516 ,morpheme,59#00:18:15#0 ,学習
97517 ,morpheme,59#00:18:17#0 ,学習
97518 ,morpheme,59#00:18:19#0 ,学習
97519 ,morpheme,59#00:18:21#0 ,学習
97520 ,morpheme,59#00:18:23#0 ,学習
97521 ,morpheme,59#00:18:25#0 ,学習
97522 ,morpheme,59#00:18:27#0 ,学習
97523 ,morpheme,59#00:18:29#0 ,学習
97524 ,morpheme,59#00:18:31#0 ,学習
97525 ,morpheme,59#00:18:33#0 ,学習
97526 ,morpheme,59#00:18:35#0 ,学習
97527 ,morpheme,59#00:18:37#0 ,学習
97528 ,morpheme,59#00:18:39#0 ,学習
97529 ,morpheme,59#00:18:41#0 ,学習
97530 ,morpheme,59#00:18:43#0 ,学習
97531 ,morpheme,59#00:18:45#0 ,学習
97532 ,morpheme,59#00:18:47#0 ,学習
97533 ,morpheme,59#00:18:49#0 ,学習
97534 ,morpheme,59#00:18:51#0 ,学習
97535 ,morpheme,59#00:18:53#0 ,学習
97536 ,morpheme,59#00:18:55#0 ,学習
97537 ,morpheme,59#00:18:57#0 ,学習
97538 ,morpheme,59#00:18:59#0 ,学習
97539 ,morpheme,59#00:19:01#0 ,学習
97540 ,morpheme,59#00:19:03#0 ,学習
97541 ,morpheme,59#00:19:05#0 ,学習
97542 ,morpheme,59#00:19:07#0 ,学習
97543 ,morpheme,59#00:19:09#0 ,学習
97544 ,morpheme,59#00:19:11#0 ,学習
97545 ,morpheme,59#00:19:13#0 ,学習
97546 ,morpheme,59#00:19:15#0 ,学習
97547 ,morpheme,59#00:19:17#0 ,学習
97548 ,morpheme,59#00:19:19#0 ,学習
97549 ,morpheme,59#00:19:21#0 ,学習
97550 ,morpheme,59#00:19:23#0 ,学習
97551 ,morpheme,59#00:19:25#0 ,学習
97552 ,morpheme,59#00:19:27#0 ,学習
97553 ,morpheme,59#00:19:29#0 ,学習
97554 ,morpheme,59#00:19:31#0 ,学習
97555 ,morpheme,59#00:19:33#0 ,学習
97556 ,morpheme,59#00:19:35#0 ,学習
97557 ,morpheme,59#00:19:37#0 ,学習
97558 ,morpheme,59#00:19:39#0 ,学習
97559 ,morpheme,59#00:19:41#0 ,学習
97560 ,morpheme,59#00:19:43#0 ,学習
97561 ,morpheme,59#00:19:45#0 ,学習
97562 ,morpheme,59#00:19:47#0 ,学習
97563 ,morpheme,59#00:19:49#0 ,学習
97564 ,morpheme,59#00:19:51#0 ,学習
97565 ,morpheme,59#00:19:53#0 ,学習
97566 ,morpheme,59#00:19:55#0 ,学習
97567 ,morpheme,59#00:19:57#0 ,学習
97568 ,morpheme,59#00:19:59#0 ,学習
97569 ,morpheme,59#00:20:01#0 ,学習
97570 ,morpheme,59#00:20:03#0 ,学習
97571 ,morpheme,59#00:20:05#0 ,学習
97572 ,morpheme,59#00:20:07#0 ,学習
97573 ,morpheme,59#00:20:09#0 ,学習
97574 ,morpheme,59#00:20:11#0 ,学習
97575 ,morpheme,59#00:20:13#0 ,学習
97576 ,morpheme,59#00:20:15#0 ,学習
97577 ,morpheme,59#00:20:17#0 ,学習
97578 ,morpheme,59#00:20:19#0 ,学習
97579 ,morpheme,59#00:20:21#0 ,学習
97580 ,morpheme,59#00:20:23#0 ,学習
97581 ,morpheme,59#00:20:25#0 ,学習
97582 ,morpheme,59#00:20:27#0 ,学習
97583 ,morpheme,59#00:20:29#0 ,学習
97584 ,morpheme,59#00:20:31#0 ,学習
97585 ,morpheme,59#00:20:33#0 ,学習
97586 ,morpheme,59#00:20:35#0 ,学習
97587 ,morpheme,59#00:20:37#0 ,学習
97588 ,morpheme,59#00:20:39#0 ,学習
97589 ,morpheme,59#00:20:41#0 ,学習
97590 ,morpheme,59#00:20:43#0 ,学習
97591 ,morpheme,59#00:20:45#0 ,学習
97592 ,morpheme,59#00:20:47#0 ,学習
97593 ,morpheme,59#00:20:49#0 ,学習
97594 ,morpheme,59#00:20:51#0 ,学習
97595 ,morpheme,59#00:20:53#0 ,学習
97596 ,morpheme,59#00:20:55#0 ,学習
97597 ,morpheme,59#00:20:57#0 ,学習
97598 ,morpheme,59#00:20:59#0 ,学習
97599 ,morpheme,59#00:21:01#0 ,学習
97600 ,morpheme,59#00:21:03#0 ,学習
97601 ,morpheme,59#00:21:05#0 ,学習
97602 ,morpheme,59#00:21:07#0 ,学習
97603 ,morpheme,59#00:21:09#0 ,学習
97604 ,morpheme,59#00:21:11#0 ,学習
97605 ,morpheme,59#00:21:13#0 ,学習
97606 ,morpheme,59#00:21:15#0 ,学習
97607 ,morpheme,59#00:21:17#0 ,学習
97608 ,morpheme,59#00:21:19#0 ,学習
97609 ,morpheme,59#00:21:21#0 ,学習
97610 ,morpheme,59#00:21:23#0 ,学習
97611 ,morpheme,59#00:21:25#0 ,学習
97612 ,morpheme,59#00:21:27#0 ,学習
97613 ,morpheme,59#00:21:29#0 ,学習
97614 ,morpheme,59#00:21:31#0 ,学習
97615 ,morpheme,59#00:21:33#0 ,学習
97616 ,morpheme,59#00:21:35#0 ,学習
97617 ,morpheme,59#00:21:37#0 ,学習
97618 ,morpheme,59#00:21:39#0 ,学習
97619 ,morpheme,59#00:21:41#0 ,学習
97620 ,morpheme,59#00:21:43#0 ,学習
97621 ,morpheme,59#00:21:45#0 ,学習
97622 ,morpheme,59#00:21:47#0 ,学習
97623 ,morpheme,59#00:21:49#0 ,学習
97624 ,morpheme,59#00:21:51#0 ,学習
97625 ,morpheme,59#00:21:53#0 ,学習
97626 ,morpheme,59#00:21:55#0 ,学習
97627 ,morpheme,59#00:21:57#0 ,学習
97628 ,morpheme,59#00:21:59#0 ,学習
97629 ,morpheme,59#00:22:01#0 ,学習
97630 ,morpheme,59#00:22:03#0 ,学習
97631 ,morpheme,59#00:22:05#0 ,学習
97632 ,morpheme,59#00:22:07#0 ,学習
97633 ,morpheme,59#00:22:09#0 ,学習
97634 ,morpheme,59#00:22:11#0 ,学習
97635 ,morpheme,59#00:22:13#0 ,学習
97636 ,morpheme,59#00:22:15#0 ,学習
97637 ,morpheme,59#00:22:17#0 ,学習
97638 ,morpheme,59#00:22:19#0 ,学習
97639 ,morpheme,59#00:22:21#0 ,学習
97640 ,morpheme,59#00:22:23#0 ,学習
97641 ,morpheme,59#00:22:25#0 ,学習
97642 ,morpheme,59#00:22:27#0 ,学習
97643 ,morpheme,59#00:22:29#0 ,学習
97644 ,morpheme,59#00:22:31#0 ,学習
97645 ,morpheme,59#00:22:33#0 ,学習
97646 ,morpheme,59#00:22:35#0 ,学習
97647 ,morpheme,59#00:22:37#0 ,学習
97648 ,morpheme,59#00:22:39#0 ,学習
97649 ,morpheme,59#00:22:41#0 ,学習
97650 ,morpheme,59#00:22:43#0 ,学習
97651 ,morpheme,59#00:22:45#0 ,学習
97652 ,morpheme,59#00:22:47#0 ,学習
97653 ,morpheme,59#00:22:49#0 ,学習
97654 ,morpheme,59#00:22:51#0 ,学習
97655 ,morpheme,59#00:22:53#0 ,学習
97656 ,morpheme,59#00:22:55#0 ,学習
97657 ,morpheme,59#00:22:57#0 ,学習
97658 ,morpheme,59#00:22:59#0 ,学習
97659 ,morpheme,59#00:23:01#0 ,学習
97660 ,morpheme,59#00:23:03#0 ,学習
97661 ,morpheme,59#00:23:05#0 ,学習
97662 ,morpheme,59#00:23:07#0 ,学習
97663 ,morpheme,59#00:23:09#0 ,学習
97664 ,morpheme,59#00:23:11#0 ,学習
97665 ,morpheme,59#00:23:13#0 ,学習
97666 ,morpheme,59#00:23:15#0 ,学習
97667 ,morpheme,59#00:23:17#0 ,学習
97668 ,morpheme,59#00:23:19#0 ,学習
97669 ,morpheme,59#00:23:21#0 ,学習
97670 ,morpheme,59#00:23:23#0 ,学習
97671 ,morpheme,59#00:23:25#0 ,学習
97672 ,morpheme,59#00:23:27#0 ,学習
97673 ,morpheme,59#00:23:29#0 ,学習
97674 ,morpheme,59#00:23:31#0 ,学習
97675 ,morpheme,59#00:23:33#0 ,学習
97676 ,morpheme,59#00:23:35#0 ,学習
97677 ,morpheme,59#00:23:37#0 ,学習
97678 ,morpheme,59#00:23:39#0 ,学習
97679 ,morpheme,59#00:23:41#0 ,学習
97680 ,morpheme,59#00:23:43#0 ,学習
97681 ,morpheme,59#00:23:45#0 ,学習
97682 ,morpheme,59#00:23:47#0 ,学習
97683 ,morpheme,59#00:23:49#0 ,学習
97684 ,morpheme,59#00:23:51#0 ,学習
97685 ,morpheme,59#00:23:53#0 ,学習
97686 ,morpheme,59#00:23:55#0 ,学習
97687 ,morpheme,59#00:23:57#0 ,学習
97688 ,morpheme,59#00:23:59#0 ,学習
97689 ,morpheme,59#00:24:01#0 ,学習
97690 ,morpheme,59#00:24:03#0 ,学習
97691 ,morpheme,59#00:24:05#0 ,学習
97692 ,morpheme,59#00:24:07#0 ,学習
97693 ,morpheme,59#00:24:09#0 ,学習
97694 ,morpheme,59#00:24:11#0 ,学習
97695 ,morpheme,59#00:24:13#0 ,学習
97696 ,morpheme,59#00:24:15#0 ,学習
97697 ,morpheme,59#00:24:17#0 ,学習
97698 ,morpheme,59#00:24:19#0 ,学習
97699 ,morpheme,59#00:24:21#0 ,学習
97700 ,morpheme,59#00:24:23#0 ,学習
97701 ,morpheme,59#00:24:25#0 ,学習
97702 ,morpheme,59#00:24:27#0 ,学習
97703 ,morpheme,59#00:24:29#0 ,学習
97704 ,morpheme,59#00:24:31#0 ,学習
97705 ,morpheme,59#00:24:33#0 ,学習
97706 ,morpheme,59#00:24:35#0 ,学習
97707 ,morpheme,59#00:24:37#0 ,学習
97708 ,morpheme,59#00:24:39#0 ,学習
97709 ,morpheme,59#00:24:41#0 ,学習
97710 ,morpheme,59#00:24:43#0 ,学習
97711 ,morpheme,59#00:24:45#0 ,学習
97712 ,morpheme,59#00:24:47#0 ,学習
97713 ,morpheme,59#00:24:49#0 ,学習
97714 ,morpheme,59#00:24:51#0 ,学習
97715 ,morpheme,59#00:24:53#0 ,学習
97716 ,morpheme,59#00:24:55#0 ,学習
97717 ,morpheme,59#00:24:57#0 ,学習
97718 ,morpheme,59#00:24:59#0 ,学習
97719 ,morpheme,59#00:25:01#0 ,学習
97720 ,morpheme,59#00:25:03#0 ,学習
97721 ,morpheme,59#00:25:05#0 ,学習
97722 ,morpheme,59#00:25:07#0 ,学習
97723 ,morpheme,59#00:25:09#0 ,学習
97724 ,morpheme,59#00:25:11#0 ,学習
97725 ,morpheme,59#00:25:13#0 ,学習
97726 ,morpheme,59#00:25:15#0 ,学習
97727 ,morpheme,59#00:25:17#0 ,学習
97728 ,morpheme,59#00:25:19#0 ,学習
97729 ,morpheme,59#00:25:21#0 ,学習
97730 ,morpheme,59#00:25:23#0 ,学習
97731 ,morpheme,59#00:25:25#0 ,学習
97732 ,morpheme,59#00:25:27#0 ,学習
97733 ,morpheme,59#00:25:29#0 ,学習
97734 ,morpheme,59#00:25:31#0 ,学習
97735 ,morpheme,59#00:25:33#0 ,学習
97736 ,morpheme,59#00:25:35#0 ,学習
97737 ,morpheme,59#00:25:37#0 ,学習
97738 ,morpheme,59#00:25:39#0 ,学習
97739 ,morpheme,59#00:25:41#0 ,学習
97740 ,morpheme,59#00:25:43#0 ,学習
97741 ,morpheme,59#00:25:45#0 ,学習
97742 ,morpheme,59#00:25:47#0 ,学習
97743 ,morpheme,59#00:25:49#0 ,学習
97744 ,morpheme,59#00:25:51#0 ,学習
97745 ,morpheme,59#00:25:53#0 ,学習
97746 ,morpheme,59#00:25:55#0 ,学習
97747 ,morpheme,59#00:25:57#0 ,学習
97748 ,morpheme,59#00:25:59#0 ,学習
97749 ,morpheme,59#00:26:01#0 ,学習
97750 ,morpheme,59#00:26:03#0 ,学習
97751 ,morpheme,59#00:26:05#0 ,学習
97752 ,morpheme,59#00:26:07#0 ,学習
97753 ,morpheme,59#00:26:09#0 ,学習
97754 ,morpheme,59#00:26:11#0 ,学習
97755 ,morpheme,59#00:26:13#0 ,学習
97756 ,morpheme,59#00:26:15#0 ,学習
97757 ,morpheme,59#00:26:17#0 ,学習
97758 ,morpheme,59#00:26:19#0 ,学習
97759 ,morpheme,59#00:26:21#0 ,学習
97760 ,morpheme,59#00:26:23#0 ,学習
97761 ,morpheme,59#00:26:25#0 ,学習
97762 ,morpheme,59#00:26:27#0 ,学習
97763 ,morpheme,59#00:26:29#0 ,学習
97764 ,morpheme,59#00:26:31#0 ,学習
97765 ,morpheme,59#00:26:33#0 ,学習
97766 ,morpheme,59#00:26:35#0 ,学習
97767 ,morpheme,59#00:26:37#0 ,学習
97768 ,morpheme,59#00:26:39#0 ,学習
97769 ,morpheme,59#00:26:41#0 ,学習
97770 ,morpheme,59#00:26:43#0 ,学習
97771 ,morpheme,59#00:26:45#0 ,学習
97772 ,morpheme,59#00:26:47#0 ,学習
97773 ,morpheme,59#00:26:49#0 ,学習
97774 ,morpheme,59#00:26:51#0 ,学習
97775 ,morpheme,59#00:26:53#0 ,学習
97776 ,morpheme,59#00:26:55#0 ,学習
97777 ,morpheme,59#00:26:57#0 ,学習
97778 ,morpheme,59#00:26:59#0 ,学習
97779 ,morpheme,59#00:27:01#0 ,学習
97780 ,morpheme,59#00:27:03#0 ,学習
97781 ,morpheme,59#00:27:05#0 ,学習
97782 ,morpheme,59#00:27:07#0 ,学習
97783 ,morpheme,59#00:27:09#0 ,学習
97784 ,morpheme,59#00:27:11#0 ,学習
97785 ,morpheme,59#00:27:13#0 ,学習
97786 ,morpheme,59#00:27:15#0 ,学習
97787 ,morpheme,59#00:27:17#0 ,学習
97788 ,morpheme,59#00:27:19#0 ,学習
97789 ,morpheme,59#00:27:21#0 ,学習
97790 ,morpheme,59#00:27:23#0 ,学習
97791 ,morpheme,59#00:27:25#0 ,学習
97792 ,morpheme,59#00:27:27#0 ,学習
97793 ,morpheme,59#00:27:29#0 ,学習
97794 ,morpheme,59#00:27:31#0 ,学習
97795 ,morpheme,59#00:27:33#0 ,学習
97796 ,morpheme,59#00:27:35#0 ,学習
97797 ,morpheme,59#00:27:37#0 ,学習
97798 ,morpheme,59#00:27:39#0 ,学習
97799 ,morpheme,59#00:27:41#0 ,学習
97800 ,morpheme,59#00:27:43#0 ,学習
97801 ,morpheme,59#00:27:45#0 ,学習
97802 ,morpheme,59#00:27:47#0 ,学習
97803 ,morpheme,59#00:27:49#0 ,学習
97804 ,morpheme,59#00:27:51#0 ,学習
97805 ,morpheme,59#00:27:53#0 ,学習
97806 ,morpheme,59#00:27:55#0 ,学習
97807 ,morpheme,59#00:27:57#0 ,学習
97808 ,morpheme,59#00:27:59#0 ,学習
97809 ,morpheme,59#00:28:01#0 ,学習
97810 ,morpheme,59#00:28:03#0 ,学習
97811 ,morpheme,59#00:28:05#0 ,学習
97812 ,morpheme,59#00:28:07#0 ,学習
97813 ,morpheme,59#00:28:09#0 ,学習
97814 ,morpheme,59#00:28:11#0 ,学習
97815 ,morpheme,59#00:28:13#0 ,学習
97816 ,morpheme,59#00:28:15#0 ,学習
97817 ,morpheme,59#00:28:17#0 ,学習
97818 ,morpheme,59#00:28:19#0 ,学習
97819 ,morpheme,59#00:28:21#0 ,学習
97820 ,morpheme,59#00:28:23#0 ,学習
97821 ,morpheme,59#00:28:25#0 ,学習
97822 ,morpheme,59#00:28:27#0 ,学習
97823 ,morpheme,59#00:28:29#0 ,学習
97824 ,morpheme,59#00:28:31#0 ,学習
97825 ,morpheme,59#00:28:33#0 ,学習
97826 ,morpheme,59#00:28:35#0 ,学習
97827 ,morpheme,59#00:28:37#0 ,学習
97828 ,morpheme,59#00:28:39#0 ,学習
97829 ,morpheme,59#00:28:41#0 ,学習
97830 ,morpheme,59#00:28:43#0 ,学習
97831 ,morpheme,59#00:28:45#0 ,学習
97832 ,morpheme,59#00:28:47#0 ,学習
97833 ,morpheme,59#00:28:49#0 ,学習
97834 ,morpheme,59#00:28:51#0 ,学習
97835 ,morpheme,59#00:28:53#0 ,学習
97836 ,morpheme,59#00:28:55#0 ,学習
97837 ,morpheme,59#00:28:57#0 ,学習
97838 ,morpheme,59#00:28:59#0 ,学習
97839 ,morpheme,59#00:29:01#0 ,学習
97840 ,morpheme,59#00:29:03#0 ,学習
97841 ,morpheme,59#00:29:05#0 ,学習
97842 ,morpheme,59#00:29:07#0 ,学習
97843 ,morpheme,59#00:29:09#0 ,学習
97844 ,morpheme,59#00:29:11#0 ,学習
97845 ,morpheme,59#00:29:13#0 ,学習
97846 ,morpheme,59#00:29:15#0 ,学習
97847 ,morpheme,59#00:29:17#0 ,学習
97848 ,morpheme,59#00:29:19#0 ,学習
97849 ,morpheme,59#00:29:21#0 ,学習
97850 ,morpheme,59#00:29:23#0 ,学習
97851 ,morpheme,59#00:29:25#0 ,学習
97852 ,morpheme,59#00:29:27#0 ,学習
97853 ,morpheme,59#00:29:29#0 ,学習
97854 ,morpheme,59#00:29:31#0 ,学習
97855 ,morpheme,59#00:29:33#0 ,学習
97856 ,morpheme,59#00:29:35#0 ,学習
97857 ,morpheme,59#00:29:37#0 ,学習
97858 ,morpheme,59#00:29:39#0 ,学習
97859 ,morpheme,59#00:29:41#0 ,学習
97860 ,morpheme,59#00:29:43#0 ,学習
97861 ,morpheme,59#00:29:45#0 ,学習
97862 ,morpheme,59#00:29:47#0 ,学習
97863 ,morpheme,59#00:29:49#0 ,学習
97864 ,morpheme,59#00:29:51#0 ,学習
97865 ,morpheme,59#00:29:53#0 ,学習
97866 ,morpheme,59#00:29:55#0 ,学習
97867 ,morpheme,59#00:29:57#0 ,学習
97868 ,morpheme,59#00:29:59#0 ,学習
97869 ,morpheme,59#00:30:01#0 ,学習
97870 ,morpheme,59#00:30:03#0 ,学習
97871 ,morpheme,59#00:30:05#0 ,学習
97872 ,morpheme,59#00:30:07#0 ,学習
97873 ,morpheme,59#00:30:09#0 ,学習
97874 ,morpheme,59#00:30:11#0 ,学習
97875 ,morpheme,59#00:30:13#0 ,学習
97876 ,morpheme,59#00:30:15#0 ,学習
97877 ,morpheme,59#00:30:17#0 ,学習
97878 ,morpheme,59#00:30:19#0 ,学習
97879 ,morpheme,59#00:30:21#0 ,学習
97880 ,morpheme,59#00:30:23#0 ,学習
97881 ,morpheme,59#00:30:25#0 ,学習
97882 ,morpheme,59#00:30:27#0 ,学習
97883 ,morpheme,59#00:30:29#0 ,学習
97884 ,morpheme,59#00:30:31#0 ,学習
97885 ,morpheme,59#00:30:33#0 ,学習
97886 ,morpheme,59#00:30:35#0 ,学習
97887 ,morpheme,59#00:30:37#0 ,学習
97888 ,morpheme,59#00:30:39#0 ,学習
97889 ,morpheme,59#00:30:41#0 ,学習
97890 ,morpheme,59#00:30:43#0 ,学習
97891 ,morpheme,59#00:30:45#0 ,学習
97892 ,morpheme,59#00:30:47#0 ,学習
97893 ,morpheme,59#00:30:49#0 ,学習
97894 ,morpheme,59#00:30:51#0 ,学習
97895 ,morpheme,59#00:30:53#0 ,学習
97896 ,morpheme,59#00:30:55#0 ,学習
97897 ,morpheme,59#00:30:57#0 ,学習
97898 ,morpheme,59#00:30:59#0 ,学習
97899 ,morpheme,59#00:31:01#0 ,学習
97900 ,morpheme,59#00:31:03#0 ,学習
97901 ,morpheme,59#00:31:05#0 ,学習
97902 ,morpheme,59#00:31:07#0 ,学習
97903 ,morpheme,59#00:31:09#0 ,学習
97904 ,morpheme,59#00:31:11#0 ,学習
97905 ,morpheme,59#00:31:13#0 ,学習
97906 ,morpheme,59#00:31:15#0 ,学習
97907 ,morpheme,59#00:31:17#0 ,学習
97908 ,morpheme,59#00:31:19#0 ,学習
97909 ,morpheme,59#00:31:21#0 ,学習
97910 ,morpheme,59#00:31:23#0 ,学習
97911 ,morpheme,59#00:31:25#0 ,学習
97912 ,morpheme,59#00:31:27#0 ,学習
97913 ,morpheme,59#00:31:29#0 ,学習
97914 ,morpheme,59#00:31:31#0 ,学習
97915 ,morpheme,59#00:31:33#0 ,学習
97916 ,morpheme,59#00:31:35#0 ,学習
97917 ,morpheme,59#00:31:37#0 ,学習
97918 ,morpheme,59#00:31:39#0 ,学習
97919 ,morpheme,59#00:31:41#0 ,学習
97920 ,morpheme,59#00:31:43#0 ,学習
97921 ,morpheme,59#00:31:45#0 ,学習
97922 ,morpheme,59#00:31:47#0 ,学習
97923 ,morpheme,59#00:31:49#0 ,学習
97924 ,morpheme,59#00:31:51#0 ,学習
97925 ,morpheme,59#00:31:53#0 ,学習
97926 ,morpheme,59#00:31:55#0 ,学習
97927 ,morpheme,59#00:31:57#0 ,学習
97928 ,morpheme,59#00:31:59#0 ,学習
97929 ,morpheme,59#00:32:01#0 ,学習
97930 ,morpheme,59#00:32:03#0 ,学習
97931 ,morpheme,59#00:32:05#0 ,学習
97932 ,morpheme,59#00:32:07#0 ,学習
97933 ,morpheme,59#00:32:09#0 ,学習
97934 ,morpheme,59#00:32:11#0 ,学習
97935 ,morpheme,59#00:32:13#0 ,学習
97936 ,morpheme,59#00:32:15#0 ,学習
97937 ,morpheme,59#00:32:17#0 ,学習
97938 ,morpheme,59#00:32:19#0 ,学習
97939 ,morpheme,59#00:32:21#0 ,学習
97940 ,morpheme,59#00:32:23#0 ,学習
97941 ,morpheme,59#00:32:25#0 ,学習
97942 ,morpheme,59#00:32:27#0 ,学習
97943 ,morpheme,59#00:32:29#0 ,学習
97944 ,morpheme,59#00:32:31#0 ,学習
97945 ,morpheme,59#00:32:33#0 ,学習
97946 ,morpheme,59#00:32:35#0 ,学習
97947 ,morpheme,59#00:32:37#0 ,学習
97948 ,morpheme,59#00:32:39#0 ,学習
97949 ,morpheme,59#00:32:41#0 ,学習
97950 ,morpheme,59#00:32:43#0 ,学習
97951 ,morpheme,59#00:32:45#0 ,学習
97952 ,morpheme,59#00:32:47#0 ,学習
97953 ,morpheme,59#00:32:49#0 ,学習
97954 ,morpheme,59#00:32:51#0 ,学習
97955 ,morpheme,59#00:32:53#0 ,学習
97956 ,morpheme,59#00:32:55#0 ,学習
97957 ,morpheme,59#00:32:57#0 ,学習
97958 ,morpheme,59#00:32:59#0 ,学習
97959 ,morpheme,59#00:33:01#0 ,学習
97960 ,morpheme,59#00:33:03#0 ,学習
97961 ,morpheme,59#00:33:05#0 ,学習
97962 ,morpheme,59#00:33:07#0 ,学習
97963 ,morpheme,59#00:33:09#0 ,学習
97964 ,morpheme,59#00:33:11#0 ,学習
97965 ,morpheme,59#00:33:13#0 ,学習
97966 ,morpheme,59#00:33:15#0 ,学習
97967 ,morpheme,59#00:33:17#0 ,学習
97968 ,morpheme,59#00:33:19#0 ,学習
97969 ,morpheme,59#00:33:21#0 ,学習
97970 ,morpheme,59#00:33:23#0 ,学習
97971 ,morpheme,59#00:33:25#0 ,学習
97972 ,morpheme,59#00:33:27#0 ,学習
97973 ,morpheme,59#00:33:29#0 ,学習
97974 ,morpheme,59#00:33:31#0 ,学習
97975 ,morpheme,59#00:33:33#0 ,学習
97976 ,morpheme,59#00:33:35#0 ,学習
97977 ,morpheme,59#00:33:37#0 ,学習
97978 ,morpheme,59#00:33:39#0 ,学習
97979 ,morpheme,59#00:33:41#0 ,学習
97980 ,morpheme,59#00:33:43#0 ,学習
97981 ,morpheme,59#00:33:45#0 ,学習
97982 ,morpheme,59#00:33:47#0 ,学習
97983 ,morpheme,59#00:33:49#0 ,学習
97984 ,morpheme,59#00:33:51#0 ,学習
97985 ,morpheme,59#00:33:53#0 ,学習
97986 ,morpheme,59#00:33:55#0 ,学習
97987 ,morpheme,59#00:33:57#0 ,学習
97988 ,morpheme,59#00:33:59#0 ,学習
97989 ,morpheme,59#00:34:01#0 ,学習
97990 ,morpheme,59#00:34:03#0 ,学習
97991 ,morpheme,59#00:34:05#0 ,学習
97992 ,morpheme,59#00:34:07#0 ,学習
97993 ,morpheme,59#00:34:09#0 ,学習
97994 ,morpheme,59#00:34:11#0 ,学習
97995 ,morpheme,59#00:34:13#0 ,学習
97996 ,morpheme,59#00:34:15#0 ,学習
97997 ,morpheme,59#00:34:17#0 ,学習
97998 ,morpheme,59#00:34:19#0 ,学習
97999 ,morpheme,59#00:34:21#0 ,学習
98000 ,morpheme,59#00:34:23#0 ,学習
98001 ,morpheme,59#00:34:25#0 ,学習
98002 ,morpheme,59#00:34:27#0 ,学習
98003 ,morpheme,59#00:34:29#0 ,学習
98004 ,morpheme,59#00:34:31#0 ,学習
98005 ,morpheme,59#00:34:33#0 ,学習
98006 ,morpheme,59#00:34:35#0 ,学習
98007 ,morpheme,59#00:34:37#0 ,学習
98008 ,morpheme,59#00:34:39#0 ,学習
98009 ,morpheme,59#00:34:41#0 ,学習
98010 ,morpheme,59#00:34:43#0 ,学習
98011 ,morpheme,59#00:34:45#0 ,学習
98012 ,morpheme,59#00:34:47#0 ,学習
98013 ,morpheme,59#00:34:49#0 ,学習
98014 ,morpheme,59#00:34:51#0 ,学習
98015 ,morpheme,59#00:34:53#0 ,学習
98016 ,morpheme,59#00:34:55#0 ,学習
98017 ,morpheme,59#00:34:57#0 ,学習
98018 ,morpheme,59#00:34:59#0 ,学習
98019 ,morpheme,59#00:35:01#0 ,学習
98020 ,morpheme,59#00:35:03#0 ,学習
98021 ,morpheme,59#00:35:05#0 ,学習
98022 ,morpheme,59#00:35:07#0 ,学習
98023 ,morpheme,59#00:35:09#0 ,学習
98024 ,morpheme,59#00:35:11#0 ,学習
98025 ,morpheme,59#00:35:13#0 ,学習
98026 ,morpheme,59#00:35:15#0 ,学習
98027 ,morpheme,59#00:35:17#0 ,学習
98028 ,morpheme,59#00:35:19#0 ,学習
98029 ,morpheme,59#00:35:21#0 ,学習
98030 ,morpheme,59#00:35:23#0 ,学習
98031 ,morpheme,59#00:35:25#0 ,学習
98032 ,morpheme,59#00:35:27#0 ,学習
98033 ,morpheme,59#00:35:29#0 ,学習
98034 ,morpheme,59#00:35:31#0 ,学習
98035 ,morpheme,59#00:35:33#0 ,学習
98036 ,morpheme,59#00:35:35#0 ,学習
98037 ,morpheme,59#00:35:37#0 ,学習
98038 ,morpheme,59#00:35:39#0 ,学習
98039 ,morpheme,59#00:35:41#0 ,学習
98040 ,morpheme,59#00:35:43#0 ,学習
98041 ,morpheme,59#00:35:45#0 ,学習
98042 ,morpheme,59#00:35:47#0 ,学習
98043 ,morpheme,59#00:35:49#0 ,学習
98044 ,morpheme,59#00:35:51#0 ,学習
98045 ,morpheme,59#00:35:53#0 ,学習
98046 ,morpheme,59#00:35:55#0 ,学習
98047 ,morpheme,59#00:35:57#0 ,学習
98048 ,morpheme,59#00:35:59#0 ,学習
98049 ,morpheme,59#00:36:01#0 ,学習
98050 ,morpheme,59#00:36:03#0 ,学習
98051 ,morpheme,59#00:36:05#0 ,学習
98052 ,morpheme,59#00:36:07#0 ,学習
98053 ,morpheme,59#00:36:09#0 ,学習
98054 ,morpheme,59#00:36:11#0 ,学習
98055 ,morpheme,59#00:36:13#0 ,学習
98056 ,morpheme,59#00:36:15#0 ,学習
98057 ,morpheme,59#00:36:17#0 ,学習
98058 ,morpheme,59#00:36:19#0 ,学習
98059 ,morpheme,59#00:36:21#0 ,学習
98060 ,morpheme,59#00:36:23#0 ,学習
98061 ,morpheme,59#00:36:25#0 ,学習
98062 ,morpheme,59#00:36:27#0 ,学習
98063 ,morpheme,59#00:36:29#0 ,学習
98064 ,morpheme,59#00:36:31#0 ,学習
98065 ,morpheme,59#00:36:33#0 ,学習
98066 ,morpheme,59#00:36:35#0 ,学習
98067 ,morpheme,59#00:36:37#0 ,学習
98068 ,morpheme,59#00:36:39#0 ,学習
98069 ,morpheme,59#00:36:41#0 ,学習
98070 ,morpheme,59#00:36:43#0 ,学習
98071 ,morpheme,59#00:36:45#0 ,学習
98072 ,morpheme,59#00:36:47#0 ,学習
98073 ,morpheme,59#00:36:49#0 ,学習
98074 ,morpheme,59#00:36:51#0 ,学習
98075 ,morpheme,59#00:36:53#0 ,学習
98076 ,morpheme,59#00:36:55#0 ,学習
98077 ,morpheme,59#00:36:57#0 ,学習
98078 ,morpheme,59#00:36:59#0 ,学習
98079 ,morpheme,59#00:37:01#0 ,学習
98080 ,morpheme,59#00:37:03#0 ,学習
98081 ,morpheme,59#00:37:05#0 ,学習
98082 ,morpheme,59#00:37:07#0 ,学習
98083 ,morpheme,59#00:37:09#0 ,学習
98084 ,morpheme,59#00:37:11#0 ,学習
98085 ,morpheme,59#00:37:13#0 ,学習
98086 ,morpheme,59#00:37:15#0 ,学習
98087 ,morpheme,59#00:37:17#0 ,学習
98088 ,morpheme,59#00:37:19#0 ,学習
98089 ,morpheme,59#00:37:21#0 ,学習
98090 ,morpheme,59#00:37:23#0 ,学習
98091 ,morpheme,59#00:37:25#0 ,学習
98092 ,morpheme,59#00:37:27#0 ,学習
98093 ,morpheme,59#00:37:29#0 ,学習
98094 ,morpheme,59#00:37:31#0 ,学習
98095 ,morpheme,59#00:37:33#0 ,学習
98096 ,morpheme,59#00:37:35#0 ,学習
98097 ,morpheme,59#00:37:37#0 ,学習
98098 ,morpheme,59#00:37:39#0 ,学習
98099 ,morpheme,59#00:37:41#0 ,学習
98100 ,morpheme,59#00:37:43#0 ,学習
98101 ,morpheme,59#00:37:45#0 ,学習
98102 ,morpheme,59#00:37:47#0 ,学習
98103 ,morpheme,59#00:37:49#0 ,学習
98104 ,morpheme,59#00:37:51#0 ,学習
98105 ,morpheme,59#00:37:53#0 ,学習
98106 ,morpheme,59#00:37:55#0 ,学習
98107 ,morpheme,59#00:37:57#0 ,学習
98108 ,morpheme,59#00:37:59#0 ,学習
98109 ,morpheme,59#00:38:01#0 ,学習
98110 ,morpheme,59#00:38:03#0 ,学習
98111 ,morpheme,59#00:38:05#0 ,学習
98112 ,morpheme,59#00:38:07#0 ,学習
98113 ,morpheme,59#00:38:09#0 ,学習
98114 ,morpheme,59#00:38:11#0 ,学習
98115 ,morpheme,59#00:38:13#0 ,学習
98116 ,morpheme,59#00:38:15#0 ,学習
98117 ,morpheme,59#00:38:17#0 ,学習
98118 ,morpheme,59#00:38:19#0 ,学習
98119 ,morpheme,59#00:38:21#0 ,学習
98120 ,morpheme,59#00:38:23#0 ,学習
98121 ,morpheme,59#00:38:25#0 ,学習
98122 ,morpheme,59#00:38:27#0 ,学習
98123 ,morpheme,59#00:38:29#0 ,学習
98124 ,morpheme,59#00:38:31#0 ,学習
98125 ,morpheme,59#00:38:33#0 ,学習
98126 ,morpheme,59#00:38:35#0 ,学習
98127 ,morpheme,59#00:38:37#0 ,学習
98128 ,morpheme,59#00:38:39#0 ,学習
98129 ,morpheme,59#00:38:41#0 ,学習
98130 ,morpheme,59#00:38:43#0 ,学習
98131 ,morpheme,59#00:38:45#0 ,学習
98132 ,morpheme,59#00:38:47#0 ,学習
98133 ,morpheme,59#00:38:49#0 ,学習
98134 ,morpheme,59#00:38:51#0 ,学習
98135 ,morpheme,59#00:38:53#0 ,学習
98136 ,morpheme,59#00:38:55#0 ,学習
98137 ,morpheme,59#00:38:57#0 ,学習
98138 ,morpheme,59#00:38:59#0 ,学習
98139 ,morpheme,59#00:39:01#0 ,学習
98140 ,morpheme,59#00:39:03#0 ,学習
98141 ,morpheme,59#00:39:05#0 ,学習
98142 ,morpheme,59#00:39:07#0 ,学習
98143 ,morpheme,59#00:39:09#0 ,学習
98144 ,morpheme,59#00:39:11#0 ,学習
98145 ,morpheme,59#00:39:13#0 ,学習
98146 ,morpheme,59#00:39:15#0 ,学習
98147 ,morpheme,59#00:39:17#0 ,学習
98148 ,morpheme,59#00:39:19#0 ,学習
98149 ,morpheme,59#00:39:21#0 ,学習
98150 ,morpheme,59#00:39:23#0 ,学習
98151 ,morpheme,59#00:39:25#0 ,学習
98152 ,morpheme,59#00:39:27#0 ,学習
98153 ,morpheme,59#00:39:29#0 ,学習
98154 ,morpheme,59#00:39:31#0 ,学習
98155 ,morpheme,59#00:39:33#0 ,学習
98156 ,morpheme,59#00:39:35#0 ,学習
98157 ,morpheme,59#00:39:37#0 ,学習
98158 ,morpheme,59#00:39:39#0 ,学習
98159 ,morpheme,59#00:39:41#0 ,学習
98160 ,morpheme,59#00:39:43#0 ,学習
98161 ,morpheme,59#00:39:45#0 ,学習
98162 ,morpheme,59#00:39:47#0 ,学習
98163 ,morpheme,59#00:39:49#0 ,学習
98164 ,morpheme,59#00:39:51#0 ,学習
98165 ,morpheme,59#00:39:53#0 ,学習
98166 ,morpheme,59#00:39:55#0 ,学習
98167 ,morpheme,59#00:39:57#0 ,学習
98168 ,morpheme,59#00:39:59#0 ,学習
98169 ,morpheme,59#00:40:01#0 ,学習
98170 ,morpheme,59#00:40:03#0 ,学習
98171 ,morpheme,59#00:40:05#0 ,学習
98172 ,morpheme,59#00:40:07#0 ,学習
98173 ,morpheme,59#00:40:09#0 ,学習
98174 ,morpheme,59#00:40:11#0 ,学習
98175 ,morpheme,59#00:40:13#0 ,学習
98176 ,morpheme,59#00:40:15#0 ,学習
98177 ,morpheme,59#00:40:17#0 ,学習
98178 ,morpheme,59#00:40:19#0 ,学習
98179 ,morpheme,59#00:40:21#0 ,学習
98180 ,morpheme,59#00:40:23#0 ,学習
98181 ,morpheme,59#00:40:25#0 ,学習
98182 ,morpheme,59#00:40:27#0 ,学習
98183 ,morpheme,59#00:40:29#0 ,学習
98184 ,morpheme,59#00:40:31#0 ,学習
98185 ,morpheme,59#00:40:33#0 ,学習
98186 ,morpheme,59#00:40:35#0 ,学習
98187 ,morpheme,59#00:40:37#0 ,学習
98188 ,morpheme,59#00:40:39#0 ,学習
98189 ,morpheme,59#00:40:41#0 ,学習
98190 ,morpheme,59#00:40:43#0 ,学習
98191 ,morpheme,59#00:40:45#0 ,学習
98192 ,morpheme,59#00:40:47#0 ,学習
98193 ,morpheme,59#00:40:49#0 ,学習
98194 ,morpheme,59#00:40:51#0 ,学習
98195 ,morpheme,59#00:40:53#0 ,学習
98196 ,morpheme,59#00:40:55#0 ,学習
98197 ,morpheme,59#00:40:57#0 ,学習
98198 ,morpheme,59#00:40:59#0 ,学習
98199 ,morpheme,59#00:41:01#0 ,学習
98200 ,morpheme,59#00:41:03#0 ,学習
98201 ,morpheme,59#00:41:05#0 ,学習
98202 ,morpheme,59#00:41:07#0 ,学習
98203 ,morpheme,59#00:41:09#0 ,学習
98204 ,morpheme,59#00:41:11#0 ,学習
98205 ,morpheme,59#00:41:13#0 ,学習
98206 ,morpheme,59#00:41:15#0 ,学習
98207 ,morpheme,59#00:41:17#0 ,学習
98208 ,morpheme,59#00:41:19#0 ,学習
98209 ,morpheme,59#00:41:21#0 ,学習
98210 ,morpheme,59#00:41:23#0 ,学習
98211 ,morpheme,59#00:41:25#0 ,学習
98212 ,morpheme,59#00:41:27#0 ,学習
98213 ,morpheme,59#00:41:29#0 ,学習
98214 ,morpheme,59#00:41:31#0 ,学習
98215 ,morpheme,59#00:41:33#0 ,学習
98216 ,morpheme,59#00:41:35#0 ,学習
98217 ,morpheme,59#00:41:37#0 ,学習
98218 ,morpheme,59#00:41:39#0 ,学習
98219 ,morpheme,59#00:41:41#0 ,学習
98220 ,morpheme,59#00:41:43#0 ,学習
98221 ,morpheme,59#00:41:45#0 ,学習
98222 ,morpheme,59#00:41:47#0 ,学習
98223 ,morpheme,59#00:41:49#0 ,学習
98224 ,morpheme,59#00:41:51#0 ,学習
98225 ,morpheme,59#00:41:53#0 ,学習
98226 ,morpheme,59#00:41:55#0 ,学習
98227 ,morpheme,59#00:41:57#0 ,学習
98228 ,morpheme,59#00:41:59#0 ,学習
98229 ,morpheme,59#00:42:01#0 ,学習
98230 ,morpheme,59#00:42:03#0 ,学習
98231 ,morpheme,59#00:42:05#0 ,学習
98232 ,morpheme,59#00:42:07#0 ,学習
98233 ,morpheme,59#00:42:09#0 ,学習
98234 ,morpheme,59#00:42:11#0 ,学習
98235 ,morpheme,59#00:42:13#0 ,学習
98236 ,morpheme,59#00:42:15#0 ,学習
98237 ,morpheme,59#00:42:17#0 ,学習
98238 ,morpheme,59#00:42:19#0 ,学習
98239 ,morpheme,59#00:42:21#0 ,学習
98240 ,morpheme,59#00:42:23#0 ,学習
98241 ,morpheme,59#00:42:25#0 ,学習
98242 ,morpheme,59#00:42:27#0 ,学習
98243 ,morpheme,59#00:42:29#0 ,学習
98244 ,morpheme,59#00:42:31#0 ,学習
98245 ,morpheme,59#00:42:33#0 ,学習
98246 ,morpheme,59#00:42:35#0 ,学習
98247 ,morpheme,59#00:42:37#0 ,学習
98248 ,morpheme,59#00:42:39#0 ,学習
98249 ,morpheme,59#00:42:41#0 ,学習
98250 ,morpheme,59#00:42:43#0 ,学習
98251 ,morpheme,59#00:42:45#0 ,学習
98252 ,morpheme,59#00:42:47#0 ,学習
98253 ,morpheme,59#00:42:49#0 ,学習
98254 ,morpheme,59#00:42:51#0 ,学習
98255 ,morpheme,59#00:42:53#0 ,学習
98256 ,morpheme,59#00:42:55#0 ,学習
98257 ,morpheme,59#00:42:57#0 ,学習
98258 ,morpheme,59#00:42:59#0 ,学習
98259 ,morpheme,59#00:43:01#0 ,学習
98260 ,morpheme,59#00:43:03#0 ,学習
98261 ,morpheme,59#00:43:05#0 ,学習
98262 ,morpheme,59#00:43:07#0 ,学習
98263 ,morpheme,59#00:43:09#0 ,学習
98264 ,morpheme,59#00:43:11#0 ,学習
98265 ,morpheme,59#00:43:13#0 ,学習
98266 ,morpheme,59#00:43:15#0 ,学習
98267 ,morpheme,59#00:43:17#0 ,学習
98268 ,morpheme,59#00:43:19#0 ,学習
98269 ,morpheme,59#00:43:21#0 ,学習
98270 ,morpheme,59#00:43:23#0 ,学習
98271 ,morpheme,59#00:43:25#0 ,学習
98272 ,morpheme,59#00:43:27#0 ,学習
98273 ,morpheme,59#00:43:29#0 ,学習
98274 ,morpheme,59#00:43:31#0 ,学習
98275 ,morpheme,59#00:43:33#0 ,学習
98276 ,morpheme,59#00:43:35#0 ,学習
98277 ,morpheme,59#00:43:37#0 ,学習
98278 ,morpheme,59#00:43:39#0 ,学習
98279 ,morpheme,59#00:43:41#0 ,学習
98280 ,morpheme,59#00:43:43#0 ,学習
98281 ,morpheme,59#00:43:45#0 ,学習
98282 ,morpheme,59#00:43:47#0 ,学習
98283 ,morpheme,59#00:43:49#0 ,学習
98284 ,morpheme,59#00:43:51#0 ,学習
98285 ,morpheme,59#00:43:53#0 ,学習
98286 ,morpheme,59#00:43:55#0 ,学習
98287 ,morpheme,59#00:43:57#0 ,学習
98288 ,morpheme,59#00:43:59#0 ,学習
98289 ,morpheme,59#00:44:01#0 ,学習
98290 ,morpheme,59#00:44:03#0 ,学習
98291 ,morpheme,59#00:44:05#0 ,学習
98292 ,morpheme,59#00:44:07#0 ,学習
98293 ,morpheme,59#00:44:09#0 ,学習
98294 ,morpheme,59#00:44:11#0 ,学習
98295 ,morpheme,59#00:44:13#0 ,学習
98296 ,morpheme,59#00:44:15#0 ,学習
98297 ,morpheme,59#00:44:17#0 ,学習
98298 ,morpheme,59#00:44:19#0 ,学習
98299 ,morpheme,59#00:44:21#0 ,学習
98300 ,morpheme,59#00:44:23#0 ,学習
98301 ,morpheme,59#00:44:25#0 ,学習
98302 ,morpheme,59#00:44:27#0 ,学習
98303 ,morpheme,59#00:44:29#0 ,学習
98304 ,morpheme,59#00:44:31#0 ,学習
98305 ,morpheme,59#00:44:33#0 ,学習
98306 ,morpheme,59#00:44:35#0 ,学習
98307 ,morpheme,59#00:44:37#0 ,学習
98308 ,morpheme,59#00:44:39#0 ,学習
98309 ,morpheme,59#00:44:41#0 ,学習
98310 ,morpheme,59#00:44:43#0 ,学習
98311 ,morpheme,59#00:44:45#0 ,学習
98312 ,morpheme,59#00:44:47#0 ,学習
98313 ,morpheme,59#00:44:49#0 ,学習
98314 ,morpheme,59#00:44:51#0 ,学習
98315 ,morpheme,59#00:44:53#0 ,学習
98316 ,morpheme,59#00:44:55#0 ,学習
98317 ,morpheme,59#00:44:57#0 ,学習
98318 ,morpheme,59#00:44:59#0 ,学習
98319 ,morpheme,59#00:45:01#0 ,学習
98320 ,morpheme,59#00:45:03#0 ,学習
98321 ,morpheme,59#00:45:05#0 ,学習
98322 ,morpheme,59#00:45:07#0 ,学習
98323 ,morpheme,59#00:45:09#0 ,学習
98324 ,morpheme,59#00:45:11#0 ,学習
98325 ,morpheme,59#00:45:13#0 ,学習
98326 ,morpheme,59#00:45:15#0 ,学習
98327 ,morpheme,59#00:45:17#0 ,学習
98328 ,morpheme,59#00:45:19#0 ,学習
98329 ,morpheme,59#00:45:21#0 ,学習
98330 ,morpheme,59#00:45:23#0 ,学習
98331 ,morpheme,59#00:45:25#0 ,学習
98332 ,morpheme,59#00:45:27#0 ,学習
98333 ,morpheme,59#00:45:29#0 ,学習
98334 ,morpheme,59#00:45:31#0 ,学習
98335 ,morpheme,59#00:45:33#0 ,学習
98336 ,morpheme,59#00:45:35#0 ,学習
98337 ,morpheme,59#00:45:37#0 ,学習
98338 ,morpheme,59#00:45:39#0 ,学習
98339 ,morpheme,59#00:45:41#0 ,学習
98340 ,morpheme,59#00:45:43#0 ,学習
98341 ,morpheme,59#00:45:45#0 ,学習
98342 ,morpheme,59#00:45:47#0 ,学習
98343 ,morpheme,59#00:45:49#0 ,学習
98344 ,morpheme,59#00:45:51#0 ,学習
98345 ,morpheme,59#00:45:53#0 ,学習
98346 ,morpheme,59#00:45:55#0 ,学習
98347 ,morpheme,59#00:45:57#0 ,学習
98348 ,morpheme,59#00:45:59#0 ,学習
98349 ,morpheme,59#00:46:01#0 ,学習
98350 ,morpheme,59#00:46:03#0 ,学習
98351 ,morpheme,59#00:46:05#0 ,学習
98352 ,morpheme,59#00:46:07#0 ,学習
98353 ,morpheme,59#00:46:09#0 ,学習
98354 ,morpheme,59#00:46:11#0 ,学習
98355 ,morpheme,59#00:46:13#0 ,学習
98356 ,morpheme,59#00:46:15#0 ,学習
98357 ,morpheme,59#00:46:17#0 ,学習
98358 ,morpheme,59#00:46:19#0 ,学習
98359 ,morpheme,59#00:46:21#0 ,学習
98360 ,morpheme,59#00:46:23#0 ,学習
98361 ,morpheme,59#00:46:25#0 ,学習
98362 ,morpheme,59#00:46:27#0 ,学習
98363 ,morpheme,59#00:46:29#0 ,学習
98364 ,morpheme,59#00:46:31#0 ,学習
98365 ,morpheme,59#00:46:33#0 ,学習
98366 ,morpheme,59#00:46:35#0 ,学習
98367 ,morpheme,59#00:46:37#0 ,学習
98368 ,morpheme,59#00:46:39#0 ,学習
98369 ,morpheme,59#00:46:41#0 ,学習
98370 ,morpheme,59#00:46:43#0 ,学習
98371 ,morpheme,59#00:46:45#0 ,学習
98372 ,morpheme,59#00:46:47#0 ,学習
98373 ,morpheme,59#00:46:49#0 ,学習
98374 ,morpheme,59#00:46:51#0 ,学習
98375 ,morpheme,59#00:46:53#0 ,学習
98376 ,morpheme,59#00:46:55#0 ,学習
98377 ,morpheme,59#00:46:57#0 ,学習
98378 ,morpheme,59#00:46:59#0 ,学習
98379 ,morpheme,59#00:47:01#0 ,学習
98380 ,morpheme,59#00:47:03#0 ,学習
98381 ,morpheme,59#00:47:05#0 ,学習
98382 ,morpheme,59#00:47:07#0 ,学習
98383 ,morpheme,59#00:47:09#0 ,学習
98384 ,morpheme,59#00:47:11#0 ,学習
98385 ,morpheme,59#00:47:13#0 ,学習
98386 ,morpheme,59#00:47:15#0 ,学習
98387 ,morpheme,59#00:47:17#0 ,学習
98388 ,morpheme,59#00:47:19#0 ,学習
98389 ,morpheme,59#00:47:21#0 ,学習
98390 ,morpheme,59#00:47:23#0 ,学習
98391 ,morpheme,59#00:47:25#0 ,学習
98392 ,morpheme,59#00:47:27#0 ,学習
98393 ,morpheme,59#00:47:29#0 ,学習
98394 ,morpheme,59#00:47:31#0 ,学習
98395 ,morpheme,59#00:47:33#0 ,学習
98396 ,morpheme,59#00:47:35#0 ,学習
98397 ,morpheme,59#00:47:37#0 ,学習
98398 ,morpheme,59#00:47:39#0 ,学習
98399 ,morpheme,59#00:47:41#0 ,学習
98400 ,morpheme,59#00:47:43#0 ,学習
98401 ,morpheme,59#00:47:45#0 ,学習
98402 ,morpheme,59#00:47:47#0 ,学習
98403 ,morpheme,59#00:47:49#0 ,学習
98404 ,morpheme,59#00:47:51#0 ,学習
98405 ,morpheme,59#00:47:53#0 ,学習
98406 ,morpheme,59#00:47:55#0 ,学習
98407 ,morpheme,59#00:47:57#0 ,学習
98408 ,morpheme,59#00:47:59#0 ,学習
98409 ,morpheme,59#00:48:01#0 ,学習
98410 ,morpheme,59#00:48:03#0 ,学習
98411 ,morpheme,59#00:48:05#0 ,学習
98412 ,morpheme,59#00:48:07#0 ,学習
98413 ,morpheme,59#00:48:09#0 ,学習
98414 ,morpheme,59#00:48:11#0 ,学習
98415 ,morpheme,59#00:48:13#0 ,学習
98416 ,morpheme,59#00:48:15#0 ,学習
98417 ,morpheme,59#00:48:17#0 ,学習
98418 ,morpheme,59#00:48:19#0 ,学習
98419 ,morpheme,59#00:48:21#0 ,学習
98420 ,morpheme,59#00:48:23#0 ,学習
98421 ,morpheme,59#00:48:25#0 ,学習
98422 ,morpheme,59#00:48:27#0 ,学習
98423 ,morpheme,59#00:48:29#0 ,学習
98424 ,morpheme,59#00:48:31#0 ,学習
98425 ,morpheme,59#00:48:33#0 ,学習
98426 ,morpheme,59#00:48:35#0 ,学習
98427 ,morpheme,59#00:48:37#0 ,学習
98428 ,morpheme,59#00:48:39#0 ,学習
98429 ,morpheme,59#00:48:41#0 ,学習
98430 ,morpheme,59#00:48:43#0 ,学習
98431 ,morpheme,59#00:48:45#0 ,学習
98432 ,morpheme,59#00:48:47#0 ,学習
98433 ,morpheme,59#00:48:49#0 ,学習
98434 ,morpheme,59#00:48:51#0 ,学習
98435 ,morpheme,59#00:48:53#0 ,学習
98436 ,morpheme,59#00:48:55#0 ,学習
98437 ,morpheme,59#00:48:57#0 ,学習
98438 ,morpheme,59#00:48:59#0 ,学習
98439 ,morpheme,59#00:49:01#0 ,学習
98440 ,morpheme,59#00:49:03#0 ,学習
98441 ,morpheme,59#00:49:05#0 ,学習
98442 ,morpheme,59#00:49:07#0 ,学習
98443 ,morpheme,59#00:49:09#0 ,学習
98444 ,morpheme,59#00:49:11#0 ,学習
98445 ,morpheme,59#00:49:13#0 ,学習
98446 ,morpheme,59#00:49:15#0 ,学習
98447 ,morpheme,59#00:49:17#0 ,学習
98448 ,morpheme,59#00:49:19#0 ,学習
98449 ,morpheme,59#00:49:21#0 ,学習
98450 ,morpheme,59#00:49:23#0 ,学習
98451 ,morpheme,59#00:49:25#0 ,学習
98452 ,morpheme,59#00:49:27#0 ,学習
98453 ,morpheme,59#00:49:29#0 ,学習
98454 ,morpheme,59#00:49:31#0 ,学習
98455 ,morpheme,59#00:49:33#0 ,学習
98456 ,morpheme,59#00:49:35#0 ,学習
98457 ,morpheme,59#00:49:37#0 ,学習
98458 ,morpheme,59#00:49:39#0 ,学習
98459 ,morpheme,59#00:49:41#0 ,学習
98460 ,morpheme,59#00:49:43#0 ,学習
98461 ,morpheme,59#00:49:45#0 ,学習
98462 ,morpheme,59#00:49:47#0 ,学習
98463 ,morpheme,59#00:49:49#0 ,学習
98464 ,morpheme,59#00:49:51#0 ,学習
98465 ,morpheme,59#00:49:53#0 ,学習
98466 ,morpheme,59#00:49:55#0 ,学習
98467 ,morpheme,59#00:49:57#0 ,学習
98468 ,morpheme,59#00:49:59#0 ,学習
98469 ,morpheme,59#00:50:01#0 ,学習
98470 ,morpheme,59#00:50:03#0 ,学習
98471 ,morpheme,59#00:50:05#0 ,学習
98472 ,morpheme,59#00:50:07#0 ,学習
98473 ,morpheme,59#00:50:09#0 ,学習
98474 ,morpheme,59#00:50:11#0 ,学習
98475 ,morpheme,59#00:50:13#0 ,学習
98476 ,morpheme,59#00:50:15#0 ,学習
98477 ,morpheme,59#00:50:17#0 ,学習
98478 ,morpheme,59#00:50:19#0 ,学習
98479 ,morpheme,59#00:50:21#0 ,学習
98480 ,morpheme,59#00:50:23#0 ,学習
98481 ,morpheme,59#00:50:25#0 ,学習
98482 ,morpheme,59#00:50:27#0 ,学習
98483 ,morpheme,59#00:50:29#0 ,学習
98484 ,morpheme,59#00:50:31#0 ,学習
98485 ,morpheme,59#00:50:33#0 ,学習
98486 ,morpheme,59#00:50:35#0 ,学習
98487 ,morpheme,59#00:50:37#0 ,学習
98488 ,morpheme,59#00:50:39#0 ,学習
98489 ,morpheme,59#00:50:41#0 ,学習
98490 ,morpheme,59#00:50:43#0 ,学習
98491 ,morpheme,59#00:50:45#0 ,学習
98492 ,morpheme,59#00:50:47#0 ,学習
98493 ,morpheme,59#00:50:49#0 ,学習
98494 ,morpheme,59#00:50:51#0 ,学習
98495 ,morpheme,59#00:50:53#0 ,学習
98496 ,morpheme,59#00:50:55#0 ,学習
98497 ,morpheme,59#00:50:57#0 ,学習
98498 ,morpheme,59#00:50:59#0 ,学習
98499 ,morpheme,59#00:51:01#0 ,学習
98500 ,morpheme,59#00:51:03#0 ,学習
98501 ,morpheme,59#00:51:05#0 ,学習
98502 ,morpheme,59#00:51:07#0 ,学習
98503 ,morpheme,59#00:51:09#0 ,学習
98504 ,morpheme,59#00:51:11#0 ,学習
98505 ,morpheme,59#00:51:13#0 ,学習
98506 ,morpheme,59#00:51:15#0 ,学習
98507 ,morpheme,59#00:51:17#0 ,学習
98508 ,morpheme,59#00:51:19#0 ,学習
98509 ,morpheme,59#00:51:21#0 ,学習
98510 ,morpheme,59#00:51:23#0 ,学習
98511 ,morpheme,59#00:51:25#0 ,学習
98512 ,morpheme,59#00:51:27#0 ,学習
98513 ,morpheme,59#00:51:29#0 ,学習
98514 ,morpheme,59#00:51:31#0 ,学習
98515 ,morpheme,59#00:51:33#0 ,学習
98516 ,morpheme,59#00:51:35#0 ,学習
98517 ,morpheme,59#00:51:37#0 ,学習
98518 ,morpheme,59#00:51:39#0 ,学習
98519 ,morpheme,59#00:51:41#0 ,学習
98520 ,morpheme,59#00:51:43#0 ,学習
98521 ,morpheme,59#00:51:45#0 ,学習
98522 ,morpheme,59#00:51:47#0 ,学習
98523 ,morpheme,59#00:51:49#0 ,学習
98524 ,morpheme,59#00:51:51#0 ,学習
98525 ,morpheme,59#00:51:53#0 ,学習
98526 ,morpheme,59#00:51:55#0 ,学習
98527 ,morpheme,59#00:51:57#0 ,学習
98528 ,morpheme,59#00:51:59#0 ,学習
98529 ,morpheme,59#00:52:01#0 ,学習
98530 ,morpheme,59#00:52:03#0 ,学習
98531 ,morpheme,59#00:52:05#0 ,学習
98532 ,morpheme,59#00:52:07#0 ,学習
98533 ,morpheme,59#00:52:09#0 ,学習
98534 ,morpheme,59#00:52:11#0 ,学習
98535 ,morpheme,59#00:52:13#0 ,学習
98536 ,morpheme,59#00:52:15#0 ,学習
98537 ,morpheme,59#00:52:17#0 ,学習
98538 ,morpheme,59#00:52:19#0 ,学習
98539 ,morpheme,59#00:52:21#0 ,学習
98540 ,morpheme,59#00:52:23#0 ,学習
98541 ,morpheme,59#00:52:25#0 ,学習
98542 ,morpheme,59#00:52:27#0 ,学習
98543 ,morpheme,59#00:52:29#0 ,学習
98544 ,morpheme,59#00:52:31#0 ,学習
98545 ,morpheme,59#00:52:33#0 ,学習
98546 ,morpheme,59#00:52:35#0 ,学習
98547 ,morpheme,59#00:52:37#0 ,学習
98548 ,morpheme,59#00:52:39#0 ,学習
98549 ,morpheme,59#00:52:41#0 ,学習
98550 ,morpheme,59#00:52:43#0 ,学習
98551 ,morpheme,59#00:52:45#0 ,学習
98552 ,morpheme,59#00:52:47#0 ,学習
98553 ,morpheme,59#00:52:49#0 ,学習
98554 ,morpheme,59#00:52:51#0 ,学習
98555 ,morpheme,59#00:52:53#0 ,学習
98556 ,morpheme,59#00:52:55#0 ,学習
98557 ,morpheme,59#00:52:57#0 ,学習
98558 ,morpheme,59#00:52:59#0 ,学習
98559 ,morpheme,59#00:53:01#0 ,学習
98560 ,morpheme,59#00:53:03#0 ,学習
98561 ,morpheme,59#00:53:05#0 ,学習
98562 ,morpheme,59#00:53:07#0 ,学習
98563 ,morpheme,59#00:53:09#0 ,学習
98564 ,morpheme,59#00:53:11#0 ,学習
98565 ,morpheme,59#00:53:13#0 ,学習
98566 ,morpheme,59#00:53:15#0 ,学習
98567 ,morpheme,59#00:53:17#0 ,学習
98568 ,morpheme,59#00:53:19#0 ,学習
98569 ,morpheme,59#00:53:21#0 ,学習
98570 ,morpheme,59#00:53:23#0 ,学習
98571 ,morpheme,59#00:53:25#0 ,学習
98572 ,morpheme,59#00:53:27#0 ,学習
98573 ,morpheme,59#00:53:29#0 ,学習
98574 ,morpheme,59#00:53:31#0 ,学習
98575 ,morpheme,59#00:53:33#0 ,学習
98576 ,morpheme,59#00:53:35#0 ,学習
98577 ,morpheme,59#00:53:37#0 ,学習
98578 ,morpheme,59#00:53:39#0 ,学習
98579 ,morpheme,59#00:53:41#0 ,学習
98580 ,morpheme,59#00:53:43#0 ,学習
98581 ,morpheme,59#00:53:45#0 ,学習
98582 ,morpheme,59#00:53:47#0 ,学習
98583 ,morpheme,59#00:53:49#0 ,学習
98584 ,morpheme,59#00:53:51#0 ,学習
98585 ,morpheme,59#00:53:53#0 ,学習
98586 ,morpheme,59#00:53:55#0 ,学習
98587 ,morpheme,59#00:53:57#0 ,学習
98588 ,morpheme,59#00:53:59#0 ,学習
98589 ,morpheme,59#00:54:01#0 ,学習
98590 ,morpheme,59#00:54:03#0 ,学習
98591 ,morpheme,59#00:54:05#0 ,学習
98592 ,morpheme,59#00:54:07#0 ,学習
98593 ,morpheme,59#00:54:09#0 ,学習
98594 ,morpheme,59#00:54:11#0 ,学習
98595 ,morpheme,59#00:54:13#0 ,学習
98596 ,morpheme,59#00:54:15#0 ,学習
98597 ,morpheme,59#00:54:17#0 ,学習
98598 ,morpheme,59#00:54:19#0 ,学習
98599 ,morpheme,59#00:54:21#0 ,学習
98600 ,morpheme,59#00:54:23#0 ,学習
98601 ,morpheme,59#00:54:25#0 ,学習
98602 ,morpheme,59#00:54:27#0 ,学習
98603 ,morpheme,59#00:54:29#0 ,学習
98604 ,morpheme,59#00:54:31#0 ,学習
98605 ,morpheme,59#00:54:33#0 ,学習
98606 ,morpheme,59#00:54:35#0 ,学習
98607 ,morpheme,59#00:54:37#0 ,学習
98608 ,morpheme,59#00:54:39#0 ,学習
98609 ,morpheme,59#00:54:41#0 ,学習
98610 ,morpheme,59#00:54:43#0 ,学習
98611 ,morpheme,59#00:54:45#0 ,学習
98612 ,morpheme,59#00:54:47#0 ,学習
98613 ,morpheme,59#00:54:49#0 ,学習
98614 ,morpheme,59#00:54:51#0 ,学習
98615 ,morpheme,59#00:54:53#0 ,学習
98616 ,morpheme,59#00:54:55#0 ,学習
98617 ,morpheme,59#00:54:57#0 ,学習
98618 ,morpheme,59#00:54:59#0 ,学習
98619 ,morpheme,59#00:55:01#0 ,学習
98620 ,morpheme,59#00:55:03#0 ,学習
98621 ,morpheme,59#00:55:05#0 ,学習
98622 ,morpheme,59#00:55:07#0 ,学習
98623 ,morpheme,59#00:55:09#0 ,学習
98624 ,morpheme,59#00:55:11#0 ,学習
98625 ,morpheme,59#00:55:13#0 ,学習
98626 ,morpheme,59#00:55:15#0 ,学習
98627 ,morpheme,59#00:55:17#0 ,学習
98628 ,morpheme,59#00:55:19#0 ,学習
98629 ,morpheme,59#00:55:21#0 ,学習
98630 ,morpheme,59#00:55:23#0 ,学習
98631 ,morpheme,59#00:55:25#0 ,学習
98632 ,morpheme,59#00:55:27#0 ,学習
98633 ,morpheme,59#00:55:29#0 ,学習
98634 ,morpheme,59#00:55:31#0 ,学習
98635 ,morpheme,59#00:55:33#0 ,学習
98636 ,morpheme,59#00:55:35#0 ,学習
98637 ,morpheme,59#00:55:37#0 ,学習
98638 ,morpheme,59#00:55:39#0 ,学習
98639 ,morpheme,59#00:55:41#0 ,学習
98640 ,morpheme,59#00:55:43#0 ,学習
98641 ,morpheme,59#00:55:45#0 ,学習
98642 ,morpheme,59#00:55:47#0 ,学習
98643 ,morpheme,59#00:55:49#0 ,学習
98644 ,morpheme,59#00:55:51#0 ,学習
98645 ,morpheme,59#00:55:53#0 ,学習
98646 ,morpheme,59#00:55:55#0 ,学習
98647 ,morpheme,59#00:55:57#0 ,学習
98648 ,morpheme,59#00:55:59#0 ,学習
98649 ,morpheme,59#00:56:01#0 ,学習
98650 ,morpheme,59#00:56:03#0 ,学習
98651 ,morpheme,59#00:56:05#0 ,学習
98652 ,morpheme,59#00:56:07#0 ,学習
98653 ,morpheme,59#00:56:09#0 ,学習
98654 ,morpheme,59#00:56:11#0 ,学習
98655 ,morpheme,59#00:56:13#0 ,学習
98656 ,morpheme,59#00:56:15#0 ,学習
98657 ,morpheme,59#00:56:17#0 ,学習
98658 ,morpheme,59#00:56:19#0 ,学習
98659 ,morpheme,59#00:56:21#0 ,学習
98660 ,morpheme,59#00:56:23#0 ,学習
98661 ,morpheme,59#00:56:25#0 ,学習
98662 ,morpheme,59#00:56:27#0 ,学習
98663 ,morpheme,59#00:56:29#0 ,学習
98664 ,morpheme,59#00:56:31#0 ,学習
98665 ,morpheme,59#00:56:33#0 ,学習
98666 ,morpheme,59#00:56:35#0 ,学習
98667 ,morpheme,59#00:56:37#0 ,学習
98668 ,morpheme,59#00:56:39#0 ,学習
98669 ,morpheme,59#00:56:41#0 ,学習
98670 ,morpheme,59#00:56:43#0 ,学習
98671 ,morpheme,59#00:56:45#0 ,学習
98672 ,morpheme,59#00:56:47#0 ,学習
98673 ,morpheme,59#00:56:49#0 ,学習
98674 ,morpheme,59#00:56:51#0 ,学習
98675 ,morpheme,59#00:56:53#0 ,学習
98676 ,morpheme,59#00:56:55#0 ,学習
98677 ,morpheme,59#00:56:57#0 ,学習
98678 ,morpheme,59#00:56:59#0 ,学習
98679 ,morpheme,59#00:57:01#0 ,学習
98680 ,morpheme,59#00:57:03#0 ,学習
98681 ,morpheme,59#00:57:05#0 ,学習
98682 ,morpheme,59#00:57:07#0 ,学習
98683 ,morpheme,59#00:57:09#0 ,学習
98684 ,morpheme,59#00:57:11#0 ,学習
98685 ,morpheme,59#00:57:13#0 ,学習
98686 ,morpheme,59#00:57:15#0 ,学習
98687 ,morpheme,59#00:57:17#0 ,学習
98688 ,morpheme,59#00:57:19#0 ,学習
98689 ,morpheme,59#00:57:21#0 ,学習
98690 ,morpheme,59#00:57:23#0 ,学習
98691 ,morpheme,59#00:57:25#0 ,学習
98692 ,morpheme,59#00:57:27#0 ,学習
98693 ,morpheme,59#00:57:29#0 ,学習
98694 ,morpheme,59#00:57:31#0 ,学習
98695 ,morpheme,59#00:57:33#0 ,学習
98696 ,morpheme,59#00:57:35#0 ,学習
98697 ,morpheme,59#00:57:37#0 ,学習
98698 ,morpheme,59#00:57:39#0 ,学習
98699 ,morpheme,59#00:57:41#0 ,学習
98700 ,morpheme,59#00:57:43#0 ,学習
98701 ,morpheme,59#00:57:45#0 ,学習
98702 ,morpheme,59#00:57:47#0 ,学習
98703 ,morpheme,59#00:57:49#0 ,学習
98704 ,morpheme,59#00:57:51#0 ,学習
98705 ,morpheme,59#00:57:53#0 ,学習
98706 ,morpheme,59#00:57:55#0 ,学習
98707 ,morpheme,59#00:57:57#0 ,学習
98708 ,morpheme,59#00:57:59#0 ,学習
98709 ,morpheme,59#00:58:01#0 ,学習
98710 ,morpheme,59#00:58:03#0 ,学習
98711 ,morpheme,59#00:58:05#0 ,学習
98712 ,morpheme,59#00:58:07#0 ,学習
98713 ,morpheme,59#00:58:09#0 ,学習
98714 ,morpheme,59#00:58:11#0 ,学習
98715 ,morpheme,59#00:58:13#0 ,学習
98716 ,morpheme,59#00:58:15#0 ,学習
98717 ,morpheme,59#00:58:17#0 ,学習
98718 ,morpheme,59#00:58:19#0 ,学習
98719 ,morpheme,59#00:58:21#0 ,学習
98720 ,morpheme,59#00:58:23#0 ,学習
98721 ,morpheme,59#00:58:25#0 ,学習
98722 ,morpheme,59#00:58:27#0 ,学習
98723 ,morpheme,59#00:58:29#0 ,学習
98724 ,morpheme,59#00:58:31#0 ,学習
98725 ,morpheme,59#00:58:33#0 ,学習
98726 ,morpheme,59#00:58:35#0 ,学習
98727 ,morpheme,59#00:58:37#0 ,学習
98728 ,morpheme,59#00:58:39#0 ,学習
98729 ,morpheme,59#00:58:41#0 ,学習
98730 ,morpheme,59#00:58:43#0 ,学習
98731 ,morpheme,59#00:58:45#0 ,学習
98732 ,morpheme,59#00:58:47#0 ,学習
98733 ,morpheme,59#00:58:49#0 ,学習
98734 ,morpheme,59#00:58:51#0 ,学習
98735 ,morpheme,59#00:58:53#0 ,学習
98736 ,morpheme,59#00:58:55#0 ,学習
98737 ,morpheme,59#00:58:57#0 ,学習
98738 ,morpheme,59#00:58:59#0 ,学習
98739 ,morpheme,59#00:59:01#0 ,学習
98740 ,morpheme,59#00:59:03#0 ,学習
98741 ,morpheme,59#00:59:05#0 ,学習
98742 ,morpheme,59#00:59:07#0 ,学習
98743 ,morpheme,59#00:59:09#0 ,学習
98744 ,morpheme,59#00:59:11#0 ,学習
98745 ,morpheme,59#00:59:13#0 ,学習
98746 ,morpheme,59#00:59:15#0 ,学習
98747 ,morpheme,59#00:59:17#0 ,学習
98748 ,morpheme,59#00:59:19#0 ,学習
98749 ,morpheme,59#00:59:21#0 ,学習
98750 ,morpheme,59#00:59:23#0 ,学習
98751 ,morpheme,59#00:59:25#0 ,学習
98752 ,morpheme,59#00:59:27#0 ,学習
98753 ,morpheme,59#00:59:29#0 ,学習
98754 ,morpheme,59#00:59:31#0 ,学習
98755 ,morpheme,59#00:59:33#0 ,学習
98756 ,morpheme,59#00:59:35#0 ,学習
98757 ,morpheme,59#00:59:37#0 ,学習
98758 ,morpheme,59#00:59:39#0 ,学習
98759 ,morpheme,59#00:59:41#0 ,学習
98760 ,morpheme,59#00:59:43#0 ,学習
98761 ,morpheme,59#00:59:45#0 ,学習
98762 ,morpheme,59#00:59:47#0 ,学習
98763 ,morpheme,59#00:59:49#0 ,学習
98764 ,morpheme,59#00:59:51#0 ,学習
98765 ,morpheme,59#00:59:53#0 ,学習
98766 ,morpheme,59#00:59:55#0 ,学習
98767 ,morpheme,59#00:59:57#0 ,学習
98768 ,morpheme,59#00:59:59#0 ,学習
98769 ,morpheme,59#01:00:01#0 ,学習
98770 ,morpheme,59#01:00:03#0 ,学習
98771 ,morpheme,59#01:00:05#0 ,学習
98772 ,morpheme,59#01:00:07#0 ,学習
98773 ,morpheme,59#01:00:09#0 ,学習
98774 ,morpheme,59#01:00:11#0 ,学習
98775 ,morpheme,59#01:00:13#0 ,学習
98776 ,morpheme,59#01:00:15#0 ,学習
98777 ,morpheme,59#01:00:17#0 ,学習
98778 ,morpheme,59#01:00:19#0 ,学習
98779 ,morpheme,59#01:00:21#0 ,学習
98780 ,morpheme,59#01:00:23#0 ,学習
98781 ,morpheme,59#01:00:25#0 ,学習
98782 ,morpheme,59#01:00:27#0 ,学習
98783 ,morpheme,59#01:00:29#0 ,学習
98784 ,morpheme,59#01:00:31#0 ,学習
98785 ,morpheme,59#01:00:33#0 ,学習
98786 ,morpheme,59#01:00:35#0 ,学習
98787 ,morpheme,59#01:00:37#0 ,学習
98788 ,morpheme,59#01:00:39#0 ,学習
98789 ,morpheme,59#01:00:41#0 ,学習
98790 ,morpheme,59#01:00:43#0 ,学習
98791 ,morpheme,59#01:00:45#0 ,学習
98792 ,morpheme,59#01:00:47#0 ,学習
98793 ,morpheme,59#01:00:49#0 ,学習
98794 ,morpheme,59#01:00:51#0 ,学習
98795 ,morpheme,59#01:00:53#0 ,学習
98796 ,morpheme,59#01:00:55#0 ,学習
98797 ,morpheme,59#01:00:57#0 ,学習
98798 ,morpheme,59#01:00:59#0 ,学習
98799 ,morpheme,59#01:01:01#0 ,学習
98800 ,morpheme,59#01:01:03#0 ,学習
98801 ,morpheme,59#01:01:05#0 ,学習
98802 ,morpheme,59#01:01:07#0 ,学習
98803 ,morpheme,59#01:01:09#0 ,学習
98804 ,morpheme,59#01:01:11#0 ,学習
98805 ,morpheme,59#01:01:13#0 ,学習
98806 ,morpheme,59#01:01:15#0 ,学習
98807 ,morpheme,59#01:01:17#0 ,学習
98808 ,morpheme,59#01:01:19#0 ,学習
98809 ,morpheme,59#01:01:21#0 ,学習
98810 ,morpheme,59#01:01:23#0 ,学習
98811 ,morpheme,59#01:01:25#0 ,学習
98812 ,morpheme,59#01:01:27#0 ,学習
98813 ,morpheme,59#01:01:29#0 ,学習
98814 ,morpheme,59#01:01:31#0 ,学習
98815 ,morpheme,59#01:01:33#0 ,学習
98816 ,morpheme,59#01:01:35#0 ,学習
98817 ,morpheme,59#01:01:37#0 ,学習
98818 ,morpheme,59#01:01:39#0 ,学習
98819 ,morpheme,59#01:01:41#0 ,学習
98820 ,morpheme,59#01:01:43#0 ,学習
98821 ,morpheme,59#01:01:45#0 ,学習
98822 ,morpheme,59#01:01:47#0 ,学習
98823 ,morpheme,59#01:01:49#0 ,学習
98824 ,morpheme,59#01:01:51#0 ,学習
98825 ,morpheme,59#01:01:53#0 ,学習
98826 ,morpheme,59#01:01:55#0 ,学習
98827 ,morpheme,59#01:01:57#0 ,学習
98828 ,morpheme,59#01:01:59#0 ,学習
98829 ,morpheme,59#01:02:01#0 ,学習
98830 ,morpheme,59#01:02:03#0 ,学習
98831 ,morpheme,59#01:02:05#0 ,学習
98832 ,morpheme,59#01:02:07#0 ,学習
98833 ,morpheme,59#01:02:09#0 ,学習
98834 ,morpheme,59#01:02:11#0 ,学習
98835 ,morpheme,59#01:02:13#0 ,学習
98836 ,morpheme,59#01:02:15#0 ,学習
98837 ,morpheme,59#01:02:17#0 ,学習
98838 ,morpheme,59#01:02:19#0 ,学習
98839 ,morpheme,59#01:02:21#0 ,学習
98840 ,morpheme,59#01:02:23#0 ,学習
98841 ,morpheme,59#01:02:25#0 ,学習
98842 ,morpheme,59#01:02:27#0 ,学習
98843 ,morpheme,59#01:02:29#0 ,学習
98844 ,morpheme,59#01:02:31#0 ,学習
98845 ,morpheme,59#01:02:33#0 ,学習
98846 ,morpheme,59#01:02:35#0 ,学習
98847 ,morpheme,59#01:02:37#0 ,学習
98848 ,morpheme,59#01:02:39#0 ,学習
98849 ,morpheme,59#01:02:41#0 ,学習
98850 ,morpheme,59#01:02:43#0 ,学習
98851 ,morpheme,59#01:02:45#0 ,学習
98852 ,morpheme,59#01:02:47#0 ,学習
98853 ,morpheme,59#01:02:49#0 ,学習
98854 ,morpheme,59#01:02:51#0 ,学習
98855 ,morpheme,59#01:02:53#0 ,学習
98856 ,morpheme,59#01:02:55#0 ,学習
98857 ,morpheme,59#01:02:57#0 ,学習
98858 ,morpheme,59#01:02:59#0 ,学習
98859 ,morpheme,59#01:03:01#0 ,学習
98860 ,morpheme,59#01:03:03#0 ,学習
98861 ,morpheme,59#01:03:05#0 ,学習
98862 ,morpheme,59#01:03:07#0 ,学習
98863 ,morpheme,59#01:03:09#0 ,学習
98864 ,morpheme,59#01:03:11#0 ,学習
98865 ,morpheme,59#01:03:13#0 ,学習
98866 ,morpheme,59#01:03:15#0 ,学習
98867 ,morpheme,59#01:03:17#0 ,学習
98868 ,morpheme,59#01:03:19#0 ,学習
98869 ,morpheme,59#01:03:21#0 ,学習
98870 ,morpheme,59#01:03:23#0 ,学習
98871 ,morpheme,59#01:03:25#0 ,学習
98872 ,morpheme,59#01:03:27#0 ,学習
98873 ,morpheme,59#01:03:29#0 ,学習
98874 ,morpheme,59#01:03:31#0 ,学習
98875 ,morpheme,59#01:03:33#0 ,学習
98876 ,morpheme,59#01:03:35#0 ,学習
98877 ,morpheme,59#01:03:37#0 ,学習
98878 ,morpheme,59#01:03:39#0 ,学習
98879 ,morpheme,59#01:03:41#0 ,学習
98880 ,morpheme,59#01:03:43#0 ,学習
98881 ,morpheme,59#01:03:45#0 ,学習
98882 ,morpheme,59#01:03:47#0 ,学習
98883 ,morpheme,59#01:03:49#0 ,学習
98884 ,morpheme,59#01:03:51#0 ,学習
98885 ,morpheme,59#01:03:53#0 ,学習
98886 ,morpheme,59#01:03:55#0 ,学習
98887 ,morpheme,59#01:03:57#0 ,学習
98888 ,morpheme,59#01:03:59#0 ,学習
98889 ,morpheme,59#01:04:01#0 ,学習
98890 ,morpheme,59#01:04:03#0 ,学習
98891 ,morpheme,59#01:04:05#0 ,学習
98892 ,morpheme,59#01:04:07#0 ,学習
98893 ,morpheme,59#01:04:09#0 ,学習
115794,morpheme,28#00:20:50#0 ,学習しないとできない
116006,morpheme,28#00:27:56#0 ,学習ができるんですけど
129122,morpheme,138#00:02:20#0,学習しやすいんですが
141719,morpheme,33#00:19:59#0 ,学習指導要領の制定のタイミングなんですって
141720,morpheme,33#00:20:02#0 ,学習指導要領の中に仮定法って書いてあったから
